2025-04-07 10:07:57,188 - __main__ - INFO - Connecting to MongoDB at mongodb://localhost:27017/medical_data
2025-04-07 10:07:57,189 - __main__ - INFO - Using database: medical_data
2025-04-07 10:07:57,194 - __main__ - INFO - MongoDB connection initialized successfully
2025-04-07 10:07:57,200 - __main__ - INFO - Starting Flask server...
2025-04-07 10:07:57,208 - werkzeug - WARNING -  * Debugger is active!
2025-04-07 10:07:57,215 - werkzeug - INFO -  * Debugger PIN: 125-394-681
2025-04-07 10:09:20,909 - routes.data_info - INFO - MongoDB URI: mongodb://localhost:27017/medical_data
2025-04-07 10:09:20,909 - routes.data_info - INFO - DB Name: medical_data
2025-04-07 10:09:20,910 - routes.data_info - INFO - Collection Name: MOESM1_ESM
2025-04-07 10:09:20,911 - routes.data_info - INFO - MongoDB connection established successfully
2025-04-07 10:09:20,936 - routes.data_info - INFO - Total patients in database: 18159
2025-04-07 10:09:20,939 - routes.data_info - INFO - First patient data: {"_id": {"$oid": "67e803e361b01410fa27faeb"}, "medical_insurance": 1, "payment_method": 0, "Body_Mass_Index": 17.6, "hypertension": 0, "coronary_heart_disease": 1, "diabetes": 0, "transient_ischemic_attack": 0, "peripheral_arterial_disease": 0, "Postoperative_sequelae": 0, "atrial_fibrillation": 1, "hyperlipidemia": 0, "hyperhomocysteinemia": 0, "epilepsy": 0, "respiratory_tract_infection": 0, "dizziness": 0, "trauma": 0, "hemiplegia": 0, "aphasia": 0, "cognitive_disorder": 15, "Mrs_admission": 2, "NIHSS_admission": 18, "Gender": 2, "age": 49, "marital_status": 1, "occupation": 2, "critical": 0, "operation": 0, "LOS": 2}
2025-04-07 10:09:20,942 - routes.data_info - INFO - Number of model versions: 1
2025-04-07 10:09:22,237 - routes.data_info - INFO - Stats for age: {'min': 10, 'max': 99, 'count': 18159}
2025-04-07 10:09:23,076 - routes.data_info - INFO - Stats for Body_Mass_Index: {'min': 17.01, 'max': 44.52, 'count': 18159}
2025-04-07 10:09:24,028 - routes.data_info - INFO - Stats for Mrs_admission: {'min': 0, 'max': 4, 'count': 18159}
2025-04-07 10:09:24,999 - routes.data_info - INFO - Stats for NIHSS_admission: {'min': 0, 'max': 23, 'count': 18159}
2025-04-07 10:09:25,782 - routes.data_info - INFO - Stats for Gender: {'values': {'2': 8354, '1': 9805}, 'count': 18159}
2025-04-07 10:09:26,517 - routes.data_info - INFO - Stats for medical_insurance: {'values': {'1': 4531, '2': 12349, '7': 1175, '9': 68, '6': 30, '5': 5, '4': 1}, 'count': 18159}
2025-04-07 10:09:27,480 - routes.data_info - INFO - Stats for payment_method: {'values': {'0': 12360, '1': 5799}, 'count': 18159}
2025-04-07 10:09:27,487 - werkzeug - INFO - 127.0.0.1 - - [07/Apr/2025 10:09:27] "GET /api/data/overview HTTP/1.1" 200 -
2025-04-07 10:09:27,494 - routes.data_info - INFO - MongoDB URI: mongodb://localhost:27017/medical_data
2025-04-07 10:09:27,495 - routes.data_info - INFO - DB Name: medical_data
2025-04-07 10:09:27,495 - routes.data_info - INFO - Collection Name: MOESM1_ESM
2025-04-07 10:09:27,495 - routes.data_info - INFO - MongoDB connection established successfully
2025-04-07 10:09:27,496 - routes.data_info - INFO - Total patients in database: 18159
2025-04-07 10:09:27,498 - routes.data_info - INFO - First patient data: {"_id": {"$oid": "67e803e361b01410fa27faeb"}, "medical_insurance": 1, "payment_method": 0, "Body_Mass_Index": 17.6, "hypertension": 0, "coronary_heart_disease": 1, "diabetes": 0, "transient_ischemic_attack": 0, "peripheral_arterial_disease": 0, "Postoperative_sequelae": 0, "atrial_fibrillation": 1, "hyperlipidemia": 0, "hyperhomocysteinemia": 0, "epilepsy": 0, "respiratory_tract_infection": 0, "dizziness": 0, "trauma": 0, "hemiplegia": 0, "aphasia": 0, "cognitive_disorder": 15, "Mrs_admission": 2, "NIHSS_admission": 18, "Gender": 2, "age": 49, "marital_status": 1, "occupation": 2, "critical": 0, "operation": 0, "LOS": 2}
2025-04-07 10:09:27,499 - routes.data_info - INFO - Number of model versions: 1
2025-04-07 10:09:28,343 - routes.data_info - INFO - Stats for age: {'min': 10, 'max': 99, 'count': 18159}
2025-04-07 10:09:29,420 - routes.data_info - INFO - Stats for Body_Mass_Index: {'min': 17.01, 'max': 44.52, 'count': 18159}
2025-04-07 10:09:30,267 - routes.data_info - INFO - Stats for Mrs_admission: {'min': 0, 'max': 4, 'count': 18159}
2025-04-07 10:09:31,107 - routes.data_info - INFO - Stats for NIHSS_admission: {'min': 0, 'max': 23, 'count': 18159}
2025-04-07 10:09:32,032 - routes.data_info - INFO - Stats for Gender: {'values': {'2': 8354, '1': 9805}, 'count': 18159}
2025-04-07 10:09:32,856 - routes.data_info - INFO - Stats for medical_insurance: {'values': {'1': 4531, '2': 12349, '7': 1175, '9': 68, '6': 30, '5': 5, '4': 1}, 'count': 18159}
2025-04-07 10:09:34,396 - routes.data_info - INFO - Stats for payment_method: {'values': {'0': 12360, '1': 5799}, 'count': 18159}
2025-04-07 10:09:34,412 - werkzeug - INFO - 127.0.0.1 - - [07/Apr/2025 10:09:34] "GET /api/data/overview HTTP/1.1" 200 -
2025-04-07 10:16:57,864 - routes.data_info - INFO - MongoDB URI: mongodb://localhost:27017/medical_data
2025-04-07 10:16:57,864 - routes.data_info - INFO - DB Name: medical_data
2025-04-07 10:16:57,865 - routes.data_info - INFO - Collection Name: MOESM1_ESM
2025-04-07 10:16:57,866 - routes.data_info - INFO - MongoDB connection established successfully
2025-04-07 10:16:57,867 - routes.data_info - INFO - Total patients in database: 18159
2025-04-07 10:16:57,870 - routes.data_info - INFO - First patient data: {"_id": {"$oid": "67e803e361b01410fa27faeb"}, "medical_insurance": 1, "payment_method": 0, "Body_Mass_Index": 17.6, "hypertension": 0, "coronary_heart_disease": 1, "diabetes": 0, "transient_ischemic_attack": 0, "peripheral_arterial_disease": 0, "Postoperative_sequelae": 0, "atrial_fibrillation": 1, "hyperlipidemia": 0, "hyperhomocysteinemia": 0, "epilepsy": 0, "respiratory_tract_infection": 0, "dizziness": 0, "trauma": 0, "hemiplegia": 0, "aphasia": 0, "cognitive_disorder": 15, "Mrs_admission": 2, "NIHSS_admission": 18, "Gender": 2, "age": 49, "marital_status": 1, "occupation": 2, "critical": 0, "operation": 0, "LOS": 2}
2025-04-07 10:16:57,872 - routes.data_info - INFO - Number of model versions: 1
2025-04-07 10:16:58,789 - routes.data_info - INFO - Stats for age: {'min': 10, 'max': 99, 'count': 18159}
2025-04-07 10:16:59,581 - routes.data_info - INFO - Stats for Body_Mass_Index: {'min': 17.01, 'max': 44.52, 'count': 18159}
2025-04-07 10:17:00,361 - routes.data_info - INFO - Stats for Mrs_admission: {'min': 0, 'max': 4, 'count': 18159}
2025-04-07 10:17:01,274 - routes.data_info - INFO - Stats for NIHSS_admission: {'min': 0, 'max': 23, 'count': 18159}
2025-04-07 10:17:01,998 - routes.data_info - INFO - Stats for Gender: {'values': {'2': 8354, '1': 9805}, 'count': 18159}
2025-04-07 10:17:02,914 - routes.data_info - INFO - Stats for medical_insurance: {'values': {'1': 4531, '2': 12349, '7': 1175, '9': 68, '6': 30, '5': 5, '4': 1}, 'count': 18159}
2025-04-07 10:17:04,682 - routes.data_info - INFO - Stats for payment_method: {'values': {'0': 12360, '1': 5799}, 'count': 18159}
2025-04-07 10:17:04,698 - werkzeug - INFO - 127.0.0.1 - - [07/Apr/2025 10:17:04] "GET /api/data/overview HTTP/1.1" 200 -
2025-04-07 10:20:21,590 - routes.data_info - INFO - MongoDB URI: mongodb://localhost:27017/medical_data
2025-04-07 10:20:21,591 - routes.data_info - INFO - DB Name: medical_data
2025-04-07 10:20:21,591 - routes.data_info - INFO - Collection Name: MOESM1_ESM
2025-04-07 10:20:21,591 - routes.data_info - INFO - MongoDB connection established successfully
2025-04-07 10:20:21,593 - routes.data_info - INFO - Total patients in database: 18159
2025-04-07 10:20:21,595 - routes.data_info - INFO - First patient data: {"_id": {"$oid": "67e803e361b01410fa27faeb"}, "medical_insurance": 1, "payment_method": 0, "Body_Mass_Index": 17.6, "hypertension": 0, "coronary_heart_disease": 1, "diabetes": 0, "transient_ischemic_attack": 0, "peripheral_arterial_disease": 0, "Postoperative_sequelae": 0, "atrial_fibrillation": 1, "hyperlipidemia": 0, "hyperhomocysteinemia": 0, "epilepsy": 0, "respiratory_tract_infection": 0, "dizziness": 0, "trauma": 0, "hemiplegia": 0, "aphasia": 0, "cognitive_disorder": 15, "Mrs_admission": 2, "NIHSS_admission": 18, "Gender": 2, "age": 49, "marital_status": 1, "occupation": 2, "critical": 0, "operation": 0, "LOS": 2}
2025-04-07 10:20:21,597 - routes.data_info - INFO - Number of model versions: 1
2025-04-07 10:20:22,667 - routes.data_info - INFO - Stats for age: {'min': 10, 'max': 99, 'count': 18159}
2025-04-07 10:20:23,614 - routes.data_info - INFO - Stats for Body_Mass_Index: {'min': 17.01, 'max': 44.52, 'count': 18159}
2025-04-07 10:20:24,738 - routes.data_info - INFO - Stats for Mrs_admission: {'min': 0, 'max': 4, 'count': 18159}
2025-04-07 10:20:25,826 - routes.data_info - INFO - Stats for NIHSS_admission: {'min': 0, 'max': 23, 'count': 18159}
2025-04-07 10:20:26,737 - routes.data_info - INFO - Stats for Gender: {'values': {'2': 8354, '1': 9805}, 'count': 18159}
2025-04-07 10:20:27,543 - routes.data_info - INFO - Stats for medical_insurance: {'values': {'1': 4531, '2': 12349, '7': 1175, '9': 68, '6': 30, '5': 5, '4': 1}, 'count': 18159}
2025-04-07 10:20:28,392 - routes.data_info - INFO - Stats for payment_method: {'values': {'0': 12360, '1': 5799}, 'count': 18159}
2025-04-07 10:20:28,401 - werkzeug - INFO - 127.0.0.1 - - [07/Apr/2025 10:20:28] "GET /api/data/overview HTTP/1.1" 200 -
2025-04-07 10:23:12,419 - routes.data_info - INFO - MongoDB URI: mongodb://localhost:27017/medical_data
2025-04-07 10:23:12,420 - routes.data_info - INFO - DB Name: medical_data
2025-04-07 10:23:12,420 - routes.data_info - INFO - Collection Name: MOESM1_ESM
2025-04-07 10:23:12,421 - routes.data_info - INFO - MongoDB connection established successfully
2025-04-07 10:23:12,422 - routes.data_info - INFO - Total patients in database: 18159
2025-04-07 10:23:12,424 - routes.data_info - INFO - First patient data: {"_id": {"$oid": "67e803e361b01410fa27faeb"}, "medical_insurance": 1, "payment_method": 0, "Body_Mass_Index": 17.6, "hypertension": 0, "coronary_heart_disease": 1, "diabetes": 0, "transient_ischemic_attack": 0, "peripheral_arterial_disease": 0, "Postoperative_sequelae": 0, "atrial_fibrillation": 1, "hyperlipidemia": 0, "hyperhomocysteinemia": 0, "epilepsy": 0, "respiratory_tract_infection": 0, "dizziness": 0, "trauma": 0, "hemiplegia": 0, "aphasia": 0, "cognitive_disorder": 15, "Mrs_admission": 2, "NIHSS_admission": 18, "Gender": 2, "age": 49, "marital_status": 1, "occupation": 2, "critical": 0, "operation": 0, "LOS": 2}
2025-04-07 10:23:12,426 - routes.data_info - INFO - Number of model versions: 1
2025-04-07 10:23:13,801 - routes.data_info - INFO - Stats for age: {'min': 10, 'max': 99, 'count': 18159}
2025-04-07 10:23:15,286 - routes.data_info - INFO - Stats for Body_Mass_Index: {'min': 17.01, 'max': 44.52, 'count': 18159}
2025-04-07 10:23:16,985 - routes.data_info - INFO - Stats for Mrs_admission: {'min': 0, 'max': 4, 'count': 18159}
2025-04-07 10:23:18,562 - routes.data_info - INFO - Stats for NIHSS_admission: {'min': 0, 'max': 23, 'count': 18159}
2025-04-07 10:23:19,745 - routes.data_info - INFO - Stats for Gender: {'values': {'2': 8354, '1': 9805}, 'count': 18159}
2025-04-07 10:23:20,552 - routes.data_info - INFO - Stats for medical_insurance: {'values': {'1': 4531, '2': 12349, '7': 1175, '9': 68, '6': 30, '5': 5, '4': 1}, 'count': 18159}
2025-04-07 10:23:21,516 - routes.data_info - INFO - Stats for payment_method: {'values': {'0': 12360, '1': 5799}, 'count': 18159}
2025-04-07 10:23:21,524 - werkzeug - INFO - 127.0.0.1 - - [07/Apr/2025 10:23:21] "GET /api/data/overview HTTP/1.1" 200 -
2025-04-07 11:34:08,647 - __main__ - INFO - Connecting to MongoDB at mongodb://localhost:27017/medical_data
2025-04-07 11:34:08,648 - __main__ - INFO - Using database: medical_data
2025-04-07 11:34:08,653 - __main__ - INFO - MongoDB connection initialized successfully
2025-04-07 11:34:08,655 - __main__ - INFO - Starting Flask server...
2025-04-07 11:34:08,676 - werkzeug - INFO - [31m[1mWARNING: This is a development server. Do not use it in a production deployment. Use a production WSGI server instead.[0m
 * Running on http://127.0.0.1:5000
2025-04-07 11:34:08,676 - werkzeug - INFO - [33mPress CTRL+C to quit[0m
2025-04-07 11:34:20,991 - routes.data_info - INFO - MongoDB URI: mongodb://localhost:27017/medical_data
2025-04-07 11:34:20,992 - routes.data_info - INFO - DB Name: medical_data
2025-04-07 11:34:20,992 - routes.data_info - INFO - Collection Name: MOESM1_ESM
2025-04-07 11:34:20,992 - routes.data_info - INFO - MongoDB connection established successfully
2025-04-07 11:34:21,023 - routes.data_info - INFO - Total patients in database: 18159
2025-04-07 11:34:21,025 - routes.data_info - INFO - First patient data: {"_id": {"$oid": "67e803e361b01410fa27faeb"}, "medical_insurance": 1, "payment_method": 0, "Body_Mass_Index": 17.6, "hypertension": 0, "coronary_heart_disease": 1, "diabetes": 0, "transient_ischemic_attack": 0, "peripheral_arterial_disease": 0, "Postoperative_sequelae": 0, "atrial_fibrillation": 1, "hyperlipidemia": 0, "hyperhomocysteinemia": 0, "epilepsy": 0, "respiratory_tract_infection": 0, "dizziness": 0, "trauma": 0, "hemiplegia": 0, "aphasia": 0, "cognitive_disorder": 15, "Mrs_admission": 2, "NIHSS_admission": 18, "Gender": 2, "age": 49, "marital_status": 1, "occupation": 2, "critical": 0, "operation": 0, "LOS": 2}
2025-04-07 11:34:21,027 - routes.data_info - INFO - Number of model versions: 2
2025-04-07 11:34:21,798 - routes.data_info - INFO - Stats for age: {'min': 10, 'max': 99, 'count': 18159}
2025-04-07 11:34:22,516 - routes.data_info - INFO - Stats for Body_Mass_Index: {'min': 17.01, 'max': 44.52, 'count': 18159}
2025-04-07 11:34:23,308 - routes.data_info - INFO - Stats for Mrs_admission: {'min': 0, 'max': 4, 'count': 18159}
2025-04-07 11:34:24,172 - routes.data_info - INFO - Stats for NIHSS_admission: {'min': 0, 'max': 23, 'count': 18159}
2025-04-07 11:34:25,028 - routes.data_info - INFO - Stats for Gender: {'values': {'2': 8354, '1': 9805}, 'count': 18159}
2025-04-07 11:34:25,888 - routes.data_info - INFO - Stats for medical_insurance: {'values': {'1': 4531, '2': 12349, '7': 1175, '9': 68, '6': 30, '5': 5, '4': 1}, 'count': 18159}
2025-04-07 11:34:26,631 - routes.data_info - INFO - Stats for payment_method: {'values': {'0': 12360, '1': 5799}, 'count': 18159}
2025-04-07 11:34:26,638 - werkzeug - INFO - 127.0.0.1 - - [07/Apr/2025 11:34:26] "GET /api/data/overview HTTP/1.1" 200 -
2025-04-07 11:34:37,297 - routes.data_info - INFO - MongoDB URI: mongodb://localhost:27017/medical_data
2025-04-07 11:34:37,298 - routes.data_info - INFO - DB Name: medical_data
2025-04-07 11:34:37,299 - routes.data_info - INFO - Collection Name: MOESM1_ESM
2025-04-07 11:34:37,299 - routes.data_info - INFO - MongoDB connection established successfully
2025-04-07 11:34:37,307 - routes.data_info - INFO - Total patients in database: 18159
2025-04-07 11:34:37,309 - routes.data_info - INFO - First patient data: {"_id": {"$oid": "67e803e361b01410fa27faeb"}, "medical_insurance": 1, "payment_method": 0, "Body_Mass_Index": 17.6, "hypertension": 0, "coronary_heart_disease": 1, "diabetes": 0, "transient_ischemic_attack": 0, "peripheral_arterial_disease": 0, "Postoperative_sequelae": 0, "atrial_fibrillation": 1, "hyperlipidemia": 0, "hyperhomocysteinemia": 0, "epilepsy": 0, "respiratory_tract_infection": 0, "dizziness": 0, "trauma": 0, "hemiplegia": 0, "aphasia": 0, "cognitive_disorder": 15, "Mrs_admission": 2, "NIHSS_admission": 18, "Gender": 2, "age": 49, "marital_status": 1, "occupation": 2, "critical": 0, "operation": 0, "LOS": 2}
2025-04-07 11:34:37,311 - routes.data_info - INFO - Number of model versions: 2
2025-04-07 11:34:38,036 - routes.data_info - INFO - Stats for age: {'min': 10, 'max': 99, 'count': 18159}
2025-04-07 11:34:38,760 - routes.data_info - INFO - Stats for Body_Mass_Index: {'min': 17.01, 'max': 44.52, 'count': 18159}
2025-04-07 11:34:39,487 - routes.data_info - INFO - Stats for Mrs_admission: {'min': 0, 'max': 4, 'count': 18159}
2025-04-07 11:34:40,202 - routes.data_info - INFO - Stats for NIHSS_admission: {'min': 0, 'max': 23, 'count': 18159}
2025-04-07 11:34:40,964 - routes.data_info - INFO - Stats for Gender: {'values': {'2': 8354, '1': 9805}, 'count': 18159}
2025-04-07 11:34:41,748 - routes.data_info - INFO - Stats for medical_insurance: {'values': {'1': 4531, '2': 12349, '7': 1175, '9': 68, '6': 30, '5': 5, '4': 1}, 'count': 18159}
2025-04-07 11:34:42,565 - routes.data_info - INFO - Stats for payment_method: {'values': {'0': 12360, '1': 5799}, 'count': 18159}
2025-04-07 11:34:42,571 - werkzeug - INFO - 127.0.0.1 - - [07/Apr/2025 11:34:42] "GET /api/data/overview HTTP/1.1" 200 -
2025-04-07 11:35:28,307 - routes.data_info - INFO - MongoDB URI: mongodb://localhost:27017/medical_data
2025-04-07 11:35:28,308 - routes.data_info - INFO - DB Name: medical_data
2025-04-07 11:35:28,308 - routes.data_info - INFO - Collection Name: MOESM1_ESM
2025-04-07 11:35:28,308 - routes.data_info - INFO - MongoDB connection established successfully
2025-04-07 11:35:28,312 - routes.data_info - INFO - Total patients in database: 18159
2025-04-07 11:35:28,313 - routes.data_info - INFO - First patient data: {"_id": {"$oid": "67e803e361b01410fa27faeb"}, "medical_insurance": 1, "payment_method": 0, "Body_Mass_Index": 17.6, "hypertension": 0, "coronary_heart_disease": 1, "diabetes": 0, "transient_ischemic_attack": 0, "peripheral_arterial_disease": 0, "Postoperative_sequelae": 0, "atrial_fibrillation": 1, "hyperlipidemia": 0, "hyperhomocysteinemia": 0, "epilepsy": 0, "respiratory_tract_infection": 0, "dizziness": 0, "trauma": 0, "hemiplegia": 0, "aphasia": 0, "cognitive_disorder": 15, "Mrs_admission": 2, "NIHSS_admission": 18, "Gender": 2, "age": 49, "marital_status": 1, "occupation": 2, "critical": 0, "operation": 0, "LOS": 2}
2025-04-07 11:35:28,315 - routes.data_info - INFO - Number of model versions: 2
2025-04-07 11:35:29,024 - routes.data_info - INFO - Stats for age: {'min': 10, 'max': 99, 'count': 18159}
2025-04-07 11:35:29,708 - routes.data_info - INFO - Stats for Body_Mass_Index: {'min': 17.01, 'max': 44.52, 'count': 18159}
2025-04-07 11:35:30,461 - routes.data_info - INFO - Stats for Mrs_admission: {'min': 0, 'max': 4, 'count': 18159}
2025-04-07 11:35:31,157 - routes.data_info - INFO - Stats for NIHSS_admission: {'min': 0, 'max': 23, 'count': 18159}
2025-04-07 11:35:31,844 - routes.data_info - INFO - Stats for Gender: {'values': {'2': 8354, '1': 9805}, 'count': 18159}
2025-04-07 11:35:32,613 - routes.data_info - INFO - Stats for medical_insurance: {'values': {'1': 4531, '2': 12349, '7': 1175, '9': 68, '6': 30, '5': 5, '4': 1}, 'count': 18159}
2025-04-07 11:35:33,296 - routes.data_info - INFO - Stats for payment_method: {'values': {'0': 12360, '1': 5799}, 'count': 18159}
2025-04-07 11:35:33,303 - werkzeug - INFO - 127.0.0.1 - - [07/Apr/2025 11:35:33] "GET /api/data/overview HTTP/1.1" 200 -
2025-04-07 11:35:48,249 - routes.data_info - INFO - MongoDB URI: mongodb://localhost:27017/medical_data
2025-04-07 11:35:48,250 - routes.data_info - INFO - DB Name: medical_data
2025-04-07 11:35:48,250 - routes.data_info - INFO - Collection Name: MOESM1_ESM
2025-04-07 11:35:48,250 - routes.data_info - INFO - MongoDB connection established successfully
2025-04-07 11:35:48,255 - routes.data_info - INFO - Total patients in database: 18159
2025-04-07 11:35:48,256 - routes.data_info - INFO - First patient data: {"_id": {"$oid": "67e803e361b01410fa27faeb"}, "medical_insurance": 1, "payment_method": 0, "Body_Mass_Index": 17.6, "hypertension": 0, "coronary_heart_disease": 1, "diabetes": 0, "transient_ischemic_attack": 0, "peripheral_arterial_disease": 0, "Postoperative_sequelae": 0, "atrial_fibrillation": 1, "hyperlipidemia": 0, "hyperhomocysteinemia": 0, "epilepsy": 0, "respiratory_tract_infection": 0, "dizziness": 0, "trauma": 0, "hemiplegia": 0, "aphasia": 0, "cognitive_disorder": 15, "Mrs_admission": 2, "NIHSS_admission": 18, "Gender": 2, "age": 49, "marital_status": 1, "occupation": 2, "critical": 0, "operation": 0, "LOS": 2}
2025-04-07 11:35:48,257 - routes.data_info - INFO - Number of model versions: 2
2025-04-07 11:35:48,964 - routes.data_info - INFO - Stats for age: {'min': 10, 'max': 99, 'count': 18159}
2025-04-07 11:35:49,795 - routes.data_info - INFO - Stats for Body_Mass_Index: {'min': 17.01, 'max': 44.52, 'count': 18159}
2025-04-07 11:35:50,506 - routes.data_info - INFO - Stats for Mrs_admission: {'min': 0, 'max': 4, 'count': 18159}
2025-04-07 11:35:51,179 - routes.data_info - INFO - Stats for NIHSS_admission: {'min': 0, 'max': 23, 'count': 18159}
2025-04-07 11:35:51,906 - routes.data_info - INFO - Stats for Gender: {'values': {'2': 8354, '1': 9805}, 'count': 18159}
2025-04-07 11:35:52,572 - routes.data_info - INFO - Stats for medical_insurance: {'values': {'1': 4531, '2': 12349, '7': 1175, '9': 68, '6': 30, '5': 5, '4': 1}, 'count': 18159}
2025-04-07 11:35:53,290 - routes.data_info - INFO - Stats for payment_method: {'values': {'0': 12360, '1': 5799}, 'count': 18159}
2025-04-07 11:35:53,296 - werkzeug - INFO - 127.0.0.1 - - [07/Apr/2025 11:35:53] "GET /api/data/overview HTTP/1.1" 200 -
2025-04-07 11:37:17,719 - routes.data_info - INFO - MongoDB URI: mongodb://localhost:27017/medical_data
2025-04-07 11:37:17,720 - routes.data_info - INFO - DB Name: medical_data
2025-04-07 11:37:17,720 - routes.data_info - INFO - Collection Name: MOESM1_ESM
2025-04-07 11:37:17,720 - routes.data_info - INFO - MongoDB connection established successfully
2025-04-07 11:37:17,724 - routes.data_info - INFO - Total patients in database: 18159
2025-04-07 11:37:17,725 - routes.data_info - INFO - First patient data: {"_id": {"$oid": "67e803e361b01410fa27faeb"}, "medical_insurance": 1, "payment_method": 0, "Body_Mass_Index": 17.6, "hypertension": 0, "coronary_heart_disease": 1, "diabetes": 0, "transient_ischemic_attack": 0, "peripheral_arterial_disease": 0, "Postoperative_sequelae": 0, "atrial_fibrillation": 1, "hyperlipidemia": 0, "hyperhomocysteinemia": 0, "epilepsy": 0, "respiratory_tract_infection": 0, "dizziness": 0, "trauma": 0, "hemiplegia": 0, "aphasia": 0, "cognitive_disorder": 15, "Mrs_admission": 2, "NIHSS_admission": 18, "Gender": 2, "age": 49, "marital_status": 1, "occupation": 2, "critical": 0, "operation": 0, "LOS": 2}
2025-04-07 11:37:17,727 - routes.data_info - INFO - Number of model versions: 2
2025-04-07 11:37:18,427 - routes.data_info - INFO - Stats for age: {'min': 10, 'max': 99, 'count': 18159}
2025-04-07 11:37:19,088 - routes.data_info - INFO - Stats for Body_Mass_Index: {'min': 17.01, 'max': 44.52, 'count': 18159}
2025-04-07 11:37:19,850 - routes.data_info - INFO - Stats for Mrs_admission: {'min': 0, 'max': 4, 'count': 18159}
2025-04-07 11:37:20,561 - routes.data_info - INFO - Stats for NIHSS_admission: {'min': 0, 'max': 23, 'count': 18159}
2025-04-07 11:37:21,510 - routes.data_info - INFO - Stats for Gender: {'values': {'2': 8354, '1': 9805}, 'count': 18159}
2025-04-07 11:37:22,272 - routes.data_info - INFO - Stats for medical_insurance: {'values': {'1': 4531, '2': 12349, '7': 1175, '9': 68, '6': 30, '5': 5, '4': 1}, 'count': 18159}
2025-04-07 11:37:22,936 - routes.data_info - INFO - Stats for payment_method: {'values': {'0': 12360, '1': 5799}, 'count': 18159}
2025-04-07 11:37:22,943 - werkzeug - INFO - 127.0.0.1 - - [07/Apr/2025 11:37:22] "GET /api/data/overview HTTP/1.1" 200 -
2025-04-07 11:41:32,449 - __main__ - INFO - Connecting to MongoDB at mongodb://localhost:27017/medical_data
2025-04-07 11:41:32,450 - __main__ - INFO - Using database: medical_data
2025-04-07 11:41:32,454 - __main__ - INFO - MongoDB connection initialized successfully
2025-04-07 11:41:32,456 - __main__ - INFO - Starting Flask server...
2025-04-07 11:41:32,470 - werkzeug - INFO - [31m[1mWARNING: This is a development server. Do not use it in a production deployment. Use a production WSGI server instead.[0m
 * Running on http://127.0.0.1:5000
2025-04-07 11:41:32,470 - werkzeug - INFO - [33mPress CTRL+C to quit[0m
2025-04-07 11:41:54,924 - routes.data_info - INFO - MongoDB URI: mongodb://localhost:27017/medical_data
2025-04-07 11:41:54,925 - routes.data_info - INFO - DB Name: medical_data
2025-04-07 11:41:54,925 - routes.data_info - INFO - Collection Name: MOESM1_ESM
2025-04-07 11:41:54,925 - routes.data_info - INFO - MongoDB connection established successfully
2025-04-07 11:41:54,934 - routes.data_info - INFO - Total patients in database: 18159
2025-04-07 11:41:54,937 - routes.data_info - INFO - First patient data: {"_id": {"$oid": "67e803e361b01410fa27faeb"}, "medical_insurance": 1, "payment_method": 0, "Body_Mass_Index": 17.6, "hypertension": 0, "coronary_heart_disease": 1, "diabetes": 0, "transient_ischemic_attack": 0, "peripheral_arterial_disease": 0, "Postoperative_sequelae": 0, "atrial_fibrillation": 1, "hyperlipidemia": 0, "hyperhomocysteinemia": 0, "epilepsy": 0, "respiratory_tract_infection": 0, "dizziness": 0, "trauma": 0, "hemiplegia": 0, "aphasia": 0, "cognitive_disorder": 15, "Mrs_admission": 2, "NIHSS_admission": 18, "Gender": 2, "age": 49, "marital_status": 1, "occupation": 2, "critical": 0, "operation": 0, "LOS": 2}
2025-04-07 11:41:54,939 - routes.data_info - INFO - Number of model versions: 2
2025-04-07 11:41:56,211 - routes.data_info - INFO - Stats for age: {'min': 10, 'max': 99, 'count': 18159}
2025-04-07 11:41:57,413 - routes.data_info - INFO - Stats for Body_Mass_Index: {'min': 17.01, 'max': 44.52, 'count': 18159}
2025-04-07 11:41:58,678 - routes.data_info - INFO - Stats for Mrs_admission: {'min': 0, 'max': 4, 'count': 18159}
2025-04-07 11:41:59,816 - routes.data_info - INFO - Stats for NIHSS_admission: {'min': 0, 'max': 23, 'count': 18159}
2025-04-07 11:42:00,973 - routes.data_info - INFO - Stats for Gender: {'values': {'2': 8354, '1': 9805}, 'count': 18159}
2025-04-07 11:42:02,168 - routes.data_info - INFO - Stats for medical_insurance: {'values': {'1': 4531, '2': 12349, '7': 1175, '9': 68, '6': 30, '5': 5, '4': 1}, 'count': 18159}
2025-04-07 11:42:03,256 - routes.data_info - INFO - Stats for payment_method: {'values': {'0': 12360, '1': 5799}, 'count': 18159}
2025-04-07 11:42:03,266 - werkzeug - INFO - 127.0.0.1 - - [07/Apr/2025 11:42:03] "GET /api/data/overview HTTP/1.1" 200 -
2025-04-07 11:42:06,510 - werkzeug - INFO - 127.0.0.1 - - [07/Apr/2025 11:42:06] "GET /api/data/models HTTP/1.1" 200 -
2025-04-07 11:42:09,003 - werkzeug - INFO - 127.0.0.1 - - [07/Apr/2025 11:42:09] "GET /api/data/models HTTP/1.1" 200 -
2025-04-07 11:42:10,556 - routes.data_info - INFO - MongoDB URI: mongodb://localhost:27017/medical_data
2025-04-07 11:42:10,556 - routes.data_info - INFO - DB Name: medical_data
2025-04-07 11:42:10,556 - routes.data_info - INFO - Collection Name: MOESM1_ESM
2025-04-07 11:42:10,556 - routes.data_info - INFO - MongoDB connection established successfully
2025-04-07 11:42:10,561 - routes.data_info - INFO - Total patients in database: 18159
2025-04-07 11:42:10,563 - routes.data_info - INFO - First patient data: {"_id": {"$oid": "67e803e361b01410fa27faeb"}, "medical_insurance": 1, "payment_method": 0, "Body_Mass_Index": 17.6, "hypertension": 0, "coronary_heart_disease": 1, "diabetes": 0, "transient_ischemic_attack": 0, "peripheral_arterial_disease": 0, "Postoperative_sequelae": 0, "atrial_fibrillation": 1, "hyperlipidemia": 0, "hyperhomocysteinemia": 0, "epilepsy": 0, "respiratory_tract_infection": 0, "dizziness": 0, "trauma": 0, "hemiplegia": 0, "aphasia": 0, "cognitive_disorder": 15, "Mrs_admission": 2, "NIHSS_admission": 18, "Gender": 2, "age": 49, "marital_status": 1, "occupation": 2, "critical": 0, "operation": 0, "LOS": 2}
2025-04-07 11:42:10,566 - routes.data_info - INFO - Number of model versions: 2
2025-04-07 11:42:11,657 - routes.data_info - INFO - Stats for age: {'min': 10, 'max': 99, 'count': 18159}
2025-04-07 11:42:12,728 - routes.data_info - INFO - Stats for Body_Mass_Index: {'min': 17.01, 'max': 44.52, 'count': 18159}
2025-04-07 11:42:13,822 - routes.data_info - INFO - Stats for Mrs_admission: {'min': 0, 'max': 4, 'count': 18159}
2025-04-07 11:42:14,963 - routes.data_info - INFO - Stats for NIHSS_admission: {'min': 0, 'max': 23, 'count': 18159}
2025-04-07 11:42:16,151 - routes.data_info - INFO - Stats for Gender: {'values': {'2': 8354, '1': 9805}, 'count': 18159}
2025-04-07 11:42:17,142 - routes.data_info - INFO - Stats for medical_insurance: {'values': {'1': 4531, '2': 12349, '7': 1175, '9': 68, '6': 30, '5': 5, '4': 1}, 'count': 18159}
2025-04-07 11:42:18,157 - routes.data_info - INFO - Stats for payment_method: {'values': {'0': 12360, '1': 5799}, 'count': 18159}
2025-04-07 11:42:18,166 - werkzeug - INFO - 127.0.0.1 - - [07/Apr/2025 11:42:18] "GET /api/data/overview HTTP/1.1" 200 -
2025-04-07 11:42:43,840 - routes.data_info - INFO - MongoDB URI: mongodb://localhost:27017/medical_data
2025-04-07 11:42:43,840 - routes.data_info - INFO - DB Name: medical_data
2025-04-07 11:42:43,841 - routes.data_info - INFO - Collection Name: MOESM1_ESM
2025-04-07 11:42:43,841 - routes.data_info - INFO - MongoDB connection established successfully
2025-04-07 11:42:43,845 - routes.data_info - INFO - Total patients in database: 18159
2025-04-07 11:42:43,847 - routes.data_info - INFO - First patient data: {"_id": {"$oid": "67e803e361b01410fa27faeb"}, "medical_insurance": 1, "payment_method": 0, "Body_Mass_Index": 17.6, "hypertension": 0, "coronary_heart_disease": 1, "diabetes": 0, "transient_ischemic_attack": 0, "peripheral_arterial_disease": 0, "Postoperative_sequelae": 0, "atrial_fibrillation": 1, "hyperlipidemia": 0, "hyperhomocysteinemia": 0, "epilepsy": 0, "respiratory_tract_infection": 0, "dizziness": 0, "trauma": 0, "hemiplegia": 0, "aphasia": 0, "cognitive_disorder": 15, "Mrs_admission": 2, "NIHSS_admission": 18, "Gender": 2, "age": 49, "marital_status": 1, "occupation": 2, "critical": 0, "operation": 0, "LOS": 2}
2025-04-07 11:42:43,848 - routes.data_info - INFO - Number of model versions: 2
2025-04-07 11:42:44,576 - routes.data_info - INFO - Stats for age: {'min': 10, 'max': 99, 'count': 18159}
2025-04-07 11:42:45,298 - routes.data_info - INFO - Stats for Body_Mass_Index: {'min': 17.01, 'max': 44.52, 'count': 18159}
2025-04-07 11:42:46,091 - routes.data_info - INFO - Stats for Mrs_admission: {'min': 0, 'max': 4, 'count': 18159}
2025-04-07 11:42:46,875 - routes.data_info - INFO - Stats for NIHSS_admission: {'min': 0, 'max': 23, 'count': 18159}
2025-04-07 11:42:48,121 - routes.data_info - INFO - Stats for Gender: {'values': {'2': 8354, '1': 9805}, 'count': 18159}
2025-04-07 11:42:49,393 - routes.data_info - INFO - Stats for medical_insurance: {'values': {'1': 4531, '2': 12349, '7': 1175, '9': 68, '6': 30, '5': 5, '4': 1}, 'count': 18159}
2025-04-07 11:42:50,606 - routes.data_info - INFO - Stats for payment_method: {'values': {'0': 12360, '1': 5799}, 'count': 18159}
2025-04-07 11:42:50,616 - werkzeug - INFO - 127.0.0.1 - - [07/Apr/2025 11:42:50] "GET /api/data/overview HTTP/1.1" 200 -
2025-04-07 11:43:32,242 - routes.data_info - INFO - MongoDB URI: mongodb://localhost:27017/medical_data
2025-04-07 11:43:32,243 - routes.data_info - INFO - DB Name: medical_data
2025-04-07 11:43:32,243 - routes.data_info - INFO - Collection Name: MOESM1_ESM
2025-04-07 11:43:32,243 - routes.data_info - INFO - MongoDB connection established successfully
2025-04-07 11:43:32,248 - routes.data_info - INFO - Total patients in database: 18159
2025-04-07 11:43:32,249 - routes.data_info - INFO - First patient data: {"_id": {"$oid": "67e803e361b01410fa27faeb"}, "medical_insurance": 1, "payment_method": 0, "Body_Mass_Index": 17.6, "hypertension": 0, "coronary_heart_disease": 1, "diabetes": 0, "transient_ischemic_attack": 0, "peripheral_arterial_disease": 0, "Postoperative_sequelae": 0, "atrial_fibrillation": 1, "hyperlipidemia": 0, "hyperhomocysteinemia": 0, "epilepsy": 0, "respiratory_tract_infection": 0, "dizziness": 0, "trauma": 0, "hemiplegia": 0, "aphasia": 0, "cognitive_disorder": 15, "Mrs_admission": 2, "NIHSS_admission": 18, "Gender": 2, "age": 49, "marital_status": 1, "occupation": 2, "critical": 0, "operation": 0, "LOS": 2}
2025-04-07 11:43:32,251 - routes.data_info - INFO - Number of model versions: 2
2025-04-07 11:43:32,996 - routes.data_info - INFO - Stats for age: {'min': 10, 'max': 99, 'count': 18159}
2025-04-07 11:43:33,769 - routes.data_info - INFO - Stats for Body_Mass_Index: {'min': 17.01, 'max': 44.52, 'count': 18159}
2025-04-07 11:43:34,490 - routes.data_info - INFO - Stats for Mrs_admission: {'min': 0, 'max': 4, 'count': 18159}
2025-04-07 11:43:35,191 - routes.data_info - INFO - Stats for NIHSS_admission: {'min': 0, 'max': 23, 'count': 18159}
2025-04-07 11:43:35,988 - routes.data_info - INFO - Stats for Gender: {'values': {'2': 8354, '1': 9805}, 'count': 18159}
2025-04-07 11:43:36,695 - routes.data_info - INFO - Stats for medical_insurance: {'values': {'1': 4531, '2': 12349, '7': 1175, '9': 68, '6': 30, '5': 5, '4': 1}, 'count': 18159}
2025-04-07 11:43:37,466 - routes.data_info - INFO - Stats for payment_method: {'values': {'0': 12360, '1': 5799}, 'count': 18159}
2025-04-07 11:43:37,472 - werkzeug - INFO - 127.0.0.1 - - [07/Apr/2025 11:43:37] "GET /api/data/overview HTTP/1.1" 200 -
2025-04-07 11:43:37,474 - routes.data_info - INFO - MongoDB URI: mongodb://localhost:27017/medical_data
2025-04-07 11:43:37,475 - routes.data_info - INFO - DB Name: medical_data
2025-04-07 11:43:37,475 - routes.data_info - INFO - Collection Name: MOESM1_ESM
2025-04-07 11:43:37,475 - routes.data_info - INFO - MongoDB connection established successfully
2025-04-07 11:43:37,479 - routes.data_info - INFO - Total patients in database: 18159
2025-04-07 11:43:37,481 - routes.data_info - INFO - First patient data: {"_id": {"$oid": "67e803e361b01410fa27faeb"}, "medical_insurance": 1, "payment_method": 0, "Body_Mass_Index": 17.6, "hypertension": 0, "coronary_heart_disease": 1, "diabetes": 0, "transient_ischemic_attack": 0, "peripheral_arterial_disease": 0, "Postoperative_sequelae": 0, "atrial_fibrillation": 1, "hyperlipidemia": 0, "hyperhomocysteinemia": 0, "epilepsy": 0, "respiratory_tract_infection": 0, "dizziness": 0, "trauma": 0, "hemiplegia": 0, "aphasia": 0, "cognitive_disorder": 15, "Mrs_admission": 2, "NIHSS_admission": 18, "Gender": 2, "age": 49, "marital_status": 1, "occupation": 2, "critical": 0, "operation": 0, "LOS": 2}
2025-04-07 11:43:37,482 - routes.data_info - INFO - Number of model versions: 2
2025-04-07 11:43:38,182 - routes.data_info - INFO - Stats for age: {'min': 10, 'max': 99, 'count': 18159}
2025-04-07 11:43:38,910 - routes.data_info - INFO - Stats for Body_Mass_Index: {'min': 17.01, 'max': 44.52, 'count': 18159}
2025-04-07 11:43:39,676 - routes.data_info - INFO - Stats for Mrs_admission: {'min': 0, 'max': 4, 'count': 18159}
2025-04-07 11:43:40,363 - routes.data_info - INFO - Stats for NIHSS_admission: {'min': 0, 'max': 23, 'count': 18159}
2025-04-07 11:43:41,079 - routes.data_info - INFO - Stats for Gender: {'values': {'2': 8354, '1': 9805}, 'count': 18159}
2025-04-07 11:43:41,270 - werkzeug - INFO - 127.0.0.1 - - [07/Apr/2025 11:43:41] "GET /api/data/models HTTP/1.1" 200 -
2025-04-07 11:43:41,814 - routes.data_info - INFO - Stats for medical_insurance: {'values': {'1': 4531, '2': 12349, '7': 1175, '9': 68, '6': 30, '5': 5, '4': 1}, 'count': 18159}
2025-04-07 11:43:42,515 - routes.data_info - INFO - Stats for payment_method: {'values': {'0': 12360, '1': 5799}, 'count': 18159}
2025-04-07 11:43:42,522 - werkzeug - INFO - 127.0.0.1 - - [07/Apr/2025 11:43:42] "GET /api/data/overview HTTP/1.1" 200 -
2025-04-07 11:43:42,830 - routes.data_info - INFO - MongoDB URI: mongodb://localhost:27017/medical_data
2025-04-07 11:43:42,830 - routes.data_info - INFO - DB Name: medical_data
2025-04-07 11:43:42,830 - routes.data_info - INFO - Collection Name: MOESM1_ESM
2025-04-07 11:43:42,830 - routes.data_info - INFO - MongoDB connection established successfully
2025-04-07 11:43:42,834 - routes.data_info - INFO - Total patients in database: 18159
2025-04-07 11:43:42,835 - routes.data_info - INFO - First patient data: {"_id": {"$oid": "67e803e361b01410fa27faeb"}, "medical_insurance": 1, "payment_method": 0, "Body_Mass_Index": 17.6, "hypertension": 0, "coronary_heart_disease": 1, "diabetes": 0, "transient_ischemic_attack": 0, "peripheral_arterial_disease": 0, "Postoperative_sequelae": 0, "atrial_fibrillation": 1, "hyperlipidemia": 0, "hyperhomocysteinemia": 0, "epilepsy": 0, "respiratory_tract_infection": 0, "dizziness": 0, "trauma": 0, "hemiplegia": 0, "aphasia": 0, "cognitive_disorder": 15, "Mrs_admission": 2, "NIHSS_admission": 18, "Gender": 2, "age": 49, "marital_status": 1, "occupation": 2, "critical": 0, "operation": 0, "LOS": 2}
2025-04-07 11:43:42,836 - routes.data_info - INFO - Number of model versions: 2
2025-04-07 11:43:43,526 - routes.data_info - INFO - Stats for age: {'min': 10, 'max': 99, 'count': 18159}
2025-04-07 11:43:44,642 - routes.data_info - INFO - Stats for Body_Mass_Index: {'min': 17.01, 'max': 44.52, 'count': 18159}
2025-04-07 11:43:45,808 - routes.data_info - INFO - Stats for Mrs_admission: {'min': 0, 'max': 4, 'count': 18159}
2025-04-07 11:43:46,979 - routes.data_info - INFO - Stats for NIHSS_admission: {'min': 0, 'max': 23, 'count': 18159}
2025-04-07 11:43:48,130 - routes.data_info - INFO - Stats for Gender: {'values': {'2': 8354, '1': 9805}, 'count': 18159}
2025-04-07 11:43:49,244 - routes.data_info - INFO - Stats for medical_insurance: {'values': {'1': 4531, '2': 12349, '7': 1175, '9': 68, '6': 30, '5': 5, '4': 1}, 'count': 18159}
2025-04-07 11:43:50,376 - routes.data_info - INFO - Stats for payment_method: {'values': {'0': 12360, '1': 5799}, 'count': 18159}
2025-04-07 11:43:50,384 - werkzeug - INFO - 127.0.0.1 - - [07/Apr/2025 11:43:50] "GET /api/data/overview HTTP/1.1" 200 -
2025-04-07 11:43:58,390 - werkzeug - INFO - 127.0.0.1 - - [07/Apr/2025 11:43:58] "GET /api/data/models HTTP/1.1" 200 -
2025-04-07 11:44:04,420 - werkzeug - INFO - 127.0.0.1 - - [07/Apr/2025 11:44:04] "GET /api/data/models HTTP/1.1" 200 -
2025-04-07 11:45:16,198 - __main__ - INFO - Connecting to MongoDB at mongodb://localhost:27017/medical_data
2025-04-07 11:45:16,199 - __main__ - INFO - Using database: medical_data
2025-04-07 11:45:16,202 - __main__ - INFO - MongoDB connection initialized successfully
2025-04-07 11:45:16,204 - __main__ - INFO - Starting Flask server...
2025-04-07 11:45:16,218 - werkzeug - INFO - [31m[1mWARNING: This is a development server. Do not use it in a production deployment. Use a production WSGI server instead.[0m
 * Running on http://127.0.0.1:5000
2025-04-07 11:45:16,219 - werkzeug - INFO - [33mPress CTRL+C to quit[0m
2025-04-07 11:45:19,811 - routes.data_info - INFO - MongoDB URI: mongodb://localhost:27017/medical_data
2025-04-07 11:45:19,811 - routes.data_info - INFO - DB Name: medical_data
2025-04-07 11:45:19,812 - routes.data_info - INFO - Collection Name: MOESM1_ESM
2025-04-07 11:45:19,812 - routes.data_info - INFO - MongoDB connection established successfully
2025-04-07 11:45:19,845 - routes.data_info - INFO - Total patients in database: 18159
2025-04-07 11:45:19,846 - routes.data_info - INFO - First patient data: {"_id": {"$oid": "67e803e361b01410fa27faeb"}, "medical_insurance": 1, "payment_method": 0, "Body_Mass_Index": 17.6, "hypertension": 0, "coronary_heart_disease": 1, "diabetes": 0, "transient_ischemic_attack": 0, "peripheral_arterial_disease": 0, "Postoperative_sequelae": 0, "atrial_fibrillation": 1, "hyperlipidemia": 0, "hyperhomocysteinemia": 0, "epilepsy": 0, "respiratory_tract_infection": 0, "dizziness": 0, "trauma": 0, "hemiplegia": 0, "aphasia": 0, "cognitive_disorder": 15, "Mrs_admission": 2, "NIHSS_admission": 18, "Gender": 2, "age": 49, "marital_status": 1, "occupation": 2, "critical": 0, "operation": 0, "LOS": 2}
2025-04-07 11:45:19,848 - routes.data_info - INFO - Number of model versions: 2
2025-04-07 11:45:21,062 - routes.data_info - INFO - Stats for age: {'min': 10, 'max': 99, 'count': 18159}
2025-04-07 11:45:22,157 - routes.data_info - INFO - Stats for Body_Mass_Index: {'min': 17.01, 'max': 44.52, 'count': 18159}
2025-04-07 11:45:23,291 - routes.data_info - INFO - Stats for Mrs_admission: {'min': 0, 'max': 4, 'count': 18159}
2025-04-07 11:45:24,369 - routes.data_info - INFO - Stats for NIHSS_admission: {'min': 0, 'max': 23, 'count': 18159}
2025-04-07 11:45:25,444 - routes.data_info - INFO - Stats for Gender: {'values': {'2': 8354, '1': 9805}, 'count': 18159}
2025-04-07 11:45:26,579 - routes.data_info - INFO - Stats for medical_insurance: {'values': {'1': 4531, '2': 12349, '7': 1175, '9': 68, '6': 30, '5': 5, '4': 1}, 'count': 18159}
2025-04-07 11:45:27,744 - routes.data_info - INFO - Stats for payment_method: {'values': {'0': 12360, '1': 5799}, 'count': 18159}
2025-04-07 11:45:27,745 - routes.data_info - INFO - Sending response: {'total_patients': 18159, 'model_versions': [{'version': 'model_20250407_092518', 'feature_count': 6, 'features': ['Body_Mass_Index', 'hypertension', 'diabetes', 'hyperhomocysteinemia', 'hemiplegia', 'dizziness']}, {'version': 'model_20250406_223115', 'feature_count': 5, 'features': ['age', 'Body_Mass_Index', 'Mrs_admission', 'NIHSS_admission', 'Gender']}], 'numerical_stats': {'age': {'min': 10, 'max': 99, 'count': 18159}, 'Body_Mass_Index': {'min': 17.01, 'max': 44.52, 'count': 18159}, 'Mrs_admission': {'min': 0, 'max': 4, 'count': 18159}, 'NIHSS_admission': {'min': 0, 'max': 23, 'count': 18159}}, 'categorical_stats': {'Gender': {'values': {'2': 8354, '1': 9805}, 'count': 18159}, 'medical_insurance': {'values': {'1': 4531, '2': 12349, '7': 1175, '9': 68, '6': 30, '5': 5, '4': 1}, 'count': 18159}, 'payment_method': {'values': {'0': 12360, '1': 5799}, 'count': 18159}}, 'last_updated': '2025-04-07T10:45:27.745553'}
2025-04-07 11:45:27,757 - werkzeug - INFO - 127.0.0.1 - - [07/Apr/2025 11:45:27] "GET /api/data/overview HTTP/1.1" 200 -
2025-04-07 11:45:30,772 - werkzeug - INFO - 127.0.0.1 - - [07/Apr/2025 11:45:30] "GET /api/data/models HTTP/1.1" 200 -
2025-04-07 11:45:31,735 - routes.data_info - INFO - MongoDB URI: mongodb://localhost:27017/medical_data
2025-04-07 11:45:31,735 - routes.data_info - INFO - DB Name: medical_data
2025-04-07 11:45:31,736 - routes.data_info - INFO - Collection Name: MOESM1_ESM
2025-04-07 11:45:31,736 - routes.data_info - INFO - MongoDB connection established successfully
2025-04-07 11:45:31,741 - routes.data_info - INFO - Total patients in database: 18159
2025-04-07 11:45:31,742 - routes.data_info - INFO - First patient data: {"_id": {"$oid": "67e803e361b01410fa27faeb"}, "medical_insurance": 1, "payment_method": 0, "Body_Mass_Index": 17.6, "hypertension": 0, "coronary_heart_disease": 1, "diabetes": 0, "transient_ischemic_attack": 0, "peripheral_arterial_disease": 0, "Postoperative_sequelae": 0, "atrial_fibrillation": 1, "hyperlipidemia": 0, "hyperhomocysteinemia": 0, "epilepsy": 0, "respiratory_tract_infection": 0, "dizziness": 0, "trauma": 0, "hemiplegia": 0, "aphasia": 0, "cognitive_disorder": 15, "Mrs_admission": 2, "NIHSS_admission": 18, "Gender": 2, "age": 49, "marital_status": 1, "occupation": 2, "critical": 0, "operation": 0, "LOS": 2}
2025-04-07 11:45:31,743 - routes.data_info - INFO - Number of model versions: 2
2025-04-07 11:45:32,827 - routes.data_info - INFO - Stats for age: {'min': 10, 'max': 99, 'count': 18159}
2025-04-07 11:45:33,877 - routes.data_info - INFO - Stats for Body_Mass_Index: {'min': 17.01, 'max': 44.52, 'count': 18159}
2025-04-07 11:45:35,020 - routes.data_info - INFO - Stats for Mrs_admission: {'min': 0, 'max': 4, 'count': 18159}
2025-04-07 11:45:36,230 - routes.data_info - INFO - Stats for NIHSS_admission: {'min': 0, 'max': 23, 'count': 18159}
2025-04-07 11:45:37,299 - routes.data_info - INFO - Stats for Gender: {'values': {'2': 8354, '1': 9805}, 'count': 18159}
2025-04-07 11:45:38,437 - routes.data_info - INFO - Stats for medical_insurance: {'values': {'1': 4531, '2': 12349, '7': 1175, '9': 68, '6': 30, '5': 5, '4': 1}, 'count': 18159}
2025-04-07 11:45:39,692 - routes.data_info - INFO - Stats for payment_method: {'values': {'0': 12360, '1': 5799}, 'count': 18159}
2025-04-07 11:45:39,693 - routes.data_info - INFO - Sending response: {'total_patients': 18159, 'model_versions': [{'version': 'model_20250407_092518', 'feature_count': 6, 'features': ['Body_Mass_Index', 'hypertension', 'diabetes', 'hyperhomocysteinemia', 'hemiplegia', 'dizziness']}, {'version': 'model_20250406_223115', 'feature_count': 5, 'features': ['age', 'Body_Mass_Index', 'Mrs_admission', 'NIHSS_admission', 'Gender']}], 'numerical_stats': {'age': {'min': 10, 'max': 99, 'count': 18159}, 'Body_Mass_Index': {'min': 17.01, 'max': 44.52, 'count': 18159}, 'Mrs_admission': {'min': 0, 'max': 4, 'count': 18159}, 'NIHSS_admission': {'min': 0, 'max': 23, 'count': 18159}}, 'categorical_stats': {'Gender': {'values': {'2': 8354, '1': 9805}, 'count': 18159}, 'medical_insurance': {'values': {'1': 4531, '2': 12349, '7': 1175, '9': 68, '6': 30, '5': 5, '4': 1}, 'count': 18159}, 'payment_method': {'values': {'0': 12360, '1': 5799}, 'count': 18159}}, 'last_updated': '2025-04-07T10:45:39.693446'}
2025-04-07 11:45:39,701 - werkzeug - INFO - 127.0.0.1 - - [07/Apr/2025 11:45:39] "GET /api/data/overview HTTP/1.1" 200 -
2025-04-07 11:45:39,703 - routes.data_info - INFO - MongoDB URI: mongodb://localhost:27017/medical_data
2025-04-07 11:45:39,703 - routes.data_info - INFO - DB Name: medical_data
2025-04-07 11:45:39,703 - routes.data_info - INFO - Collection Name: MOESM1_ESM
2025-04-07 11:45:39,705 - routes.data_info - INFO - MongoDB connection established successfully
2025-04-07 11:45:39,709 - routes.data_info - INFO - Total patients in database: 18159
2025-04-07 11:45:39,710 - routes.data_info - INFO - First patient data: {"_id": {"$oid": "67e803e361b01410fa27faeb"}, "medical_insurance": 1, "payment_method": 0, "Body_Mass_Index": 17.6, "hypertension": 0, "coronary_heart_disease": 1, "diabetes": 0, "transient_ischemic_attack": 0, "peripheral_arterial_disease": 0, "Postoperative_sequelae": 0, "atrial_fibrillation": 1, "hyperlipidemia": 0, "hyperhomocysteinemia": 0, "epilepsy": 0, "respiratory_tract_infection": 0, "dizziness": 0, "trauma": 0, "hemiplegia": 0, "aphasia": 0, "cognitive_disorder": 15, "Mrs_admission": 2, "NIHSS_admission": 18, "Gender": 2, "age": 49, "marital_status": 1, "occupation": 2, "critical": 0, "operation": 0, "LOS": 2}
2025-04-07 11:45:39,712 - routes.data_info - INFO - Number of model versions: 2
2025-04-07 11:45:40,766 - routes.data_info - INFO - Stats for age: {'min': 10, 'max': 99, 'count': 18159}
2025-04-07 11:45:41,850 - routes.data_info - INFO - Stats for Body_Mass_Index: {'min': 17.01, 'max': 44.52, 'count': 18159}
2025-04-07 11:45:42,999 - routes.data_info - INFO - Stats for Mrs_admission: {'min': 0, 'max': 4, 'count': 18159}
2025-04-07 11:45:44,049 - routes.data_info - INFO - Stats for NIHSS_admission: {'min': 0, 'max': 23, 'count': 18159}
2025-04-07 11:45:45,059 - routes.data_info - INFO - Stats for Gender: {'values': {'2': 8354, '1': 9805}, 'count': 18159}
2025-04-07 11:45:46,194 - routes.data_info - INFO - Stats for medical_insurance: {'values': {'1': 4531, '2': 12349, '7': 1175, '9': 68, '6': 30, '5': 5, '4': 1}, 'count': 18159}
2025-04-07 11:45:47,313 - routes.data_info - INFO - Stats for payment_method: {'values': {'0': 12360, '1': 5799}, 'count': 18159}
2025-04-07 11:45:47,313 - routes.data_info - INFO - Sending response: {'total_patients': 18159, 'model_versions': [{'version': 'model_20250407_092518', 'feature_count': 6, 'features': ['Body_Mass_Index', 'hypertension', 'diabetes', 'hyperhomocysteinemia', 'hemiplegia', 'dizziness']}, {'version': 'model_20250406_223115', 'feature_count': 5, 'features': ['age', 'Body_Mass_Index', 'Mrs_admission', 'NIHSS_admission', 'Gender']}], 'numerical_stats': {'age': {'min': 10, 'max': 99, 'count': 18159}, 'Body_Mass_Index': {'min': 17.01, 'max': 44.52, 'count': 18159}, 'Mrs_admission': {'min': 0, 'max': 4, 'count': 18159}, 'NIHSS_admission': {'min': 0, 'max': 23, 'count': 18159}}, 'categorical_stats': {'Gender': {'values': {'2': 8354, '1': 9805}, 'count': 18159}, 'medical_insurance': {'values': {'1': 4531, '2': 12349, '7': 1175, '9': 68, '6': 30, '5': 5, '4': 1}, 'count': 18159}, 'payment_method': {'values': {'0': 12360, '1': 5799}, 'count': 18159}}, 'last_updated': '2025-04-07T10:45:47.313436'}
2025-04-07 11:45:47,324 - werkzeug - INFO - 127.0.0.1 - - [07/Apr/2025 11:45:47] "GET /api/data/overview HTTP/1.1" 200 -
2025-04-07 11:46:07,215 - routes.data_info - INFO - MongoDB URI: mongodb://localhost:27017/medical_data
2025-04-07 11:46:07,215 - routes.data_info - INFO - DB Name: medical_data
2025-04-07 11:46:07,216 - routes.data_info - INFO - Collection Name: MOESM1_ESM
2025-04-07 11:46:07,216 - routes.data_info - INFO - MongoDB connection established successfully
2025-04-07 11:46:07,220 - routes.data_info - INFO - Total patients in database: 18159
2025-04-07 11:46:07,221 - routes.data_info - INFO - First patient data: {"_id": {"$oid": "67e803e361b01410fa27faeb"}, "medical_insurance": 1, "payment_method": 0, "Body_Mass_Index": 17.6, "hypertension": 0, "coronary_heart_disease": 1, "diabetes": 0, "transient_ischemic_attack": 0, "peripheral_arterial_disease": 0, "Postoperative_sequelae": 0, "atrial_fibrillation": 1, "hyperlipidemia": 0, "hyperhomocysteinemia": 0, "epilepsy": 0, "respiratory_tract_infection": 0, "dizziness": 0, "trauma": 0, "hemiplegia": 0, "aphasia": 0, "cognitive_disorder": 15, "Mrs_admission": 2, "NIHSS_admission": 18, "Gender": 2, "age": 49, "marital_status": 1, "occupation": 2, "critical": 0, "operation": 0, "LOS": 2}
2025-04-07 11:46:07,222 - routes.data_info - INFO - Number of model versions: 2
2025-04-07 11:46:07,928 - routes.data_info - INFO - Stats for age: {'min': 10, 'max': 99, 'count': 18159}
2025-04-07 11:46:08,936 - routes.data_info - INFO - Stats for Body_Mass_Index: {'min': 17.01, 'max': 44.52, 'count': 18159}
2025-04-07 11:46:10,056 - routes.data_info - INFO - Stats for Mrs_admission: {'min': 0, 'max': 4, 'count': 18159}
2025-04-07 11:46:11,125 - routes.data_info - INFO - Stats for NIHSS_admission: {'min': 0, 'max': 23, 'count': 18159}
2025-04-07 11:46:12,143 - routes.data_info - INFO - Stats for Gender: {'values': {'2': 8354, '1': 9805}, 'count': 18159}
2025-04-07 11:46:13,163 - routes.data_info - INFO - Stats for medical_insurance: {'values': {'1': 4531, '2': 12349, '7': 1175, '9': 68, '6': 30, '5': 5, '4': 1}, 'count': 18159}
2025-04-07 11:46:14,220 - routes.data_info - INFO - Stats for payment_method: {'values': {'0': 12360, '1': 5799}, 'count': 18159}
2025-04-07 11:46:14,221 - routes.data_info - INFO - Sending response: {'total_patients': 18159, 'model_versions': [{'version': 'model_20250407_092518', 'feature_count': 6, 'features': ['Body_Mass_Index', 'hypertension', 'diabetes', 'hyperhomocysteinemia', 'hemiplegia', 'dizziness']}, {'version': 'model_20250406_223115', 'feature_count': 5, 'features': ['age', 'Body_Mass_Index', 'Mrs_admission', 'NIHSS_admission', 'Gender']}], 'numerical_stats': {'age': {'min': 10, 'max': 99, 'count': 18159}, 'Body_Mass_Index': {'min': 17.01, 'max': 44.52, 'count': 18159}, 'Mrs_admission': {'min': 0, 'max': 4, 'count': 18159}, 'NIHSS_admission': {'min': 0, 'max': 23, 'count': 18159}}, 'categorical_stats': {'Gender': {'values': {'2': 8354, '1': 9805}, 'count': 18159}, 'medical_insurance': {'values': {'1': 4531, '2': 12349, '7': 1175, '9': 68, '6': 30, '5': 5, '4': 1}, 'count': 18159}, 'payment_method': {'values': {'0': 12360, '1': 5799}, 'count': 18159}}, 'last_updated': '2025-04-07T10:46:14.221666'}
2025-04-07 11:46:14,229 - werkzeug - INFO - 127.0.0.1 - - [07/Apr/2025 11:46:14] "GET /api/data/overview HTTP/1.1" 200 -
2025-04-07 11:46:14,232 - routes.data_info - INFO - MongoDB URI: mongodb://localhost:27017/medical_data
2025-04-07 11:46:14,232 - routes.data_info - INFO - DB Name: medical_data
2025-04-07 11:46:14,233 - routes.data_info - INFO - Collection Name: MOESM1_ESM
2025-04-07 11:46:14,233 - routes.data_info - INFO - MongoDB connection established successfully
2025-04-07 11:46:14,237 - routes.data_info - INFO - Total patients in database: 18159
2025-04-07 11:46:14,239 - routes.data_info - INFO - First patient data: {"_id": {"$oid": "67e803e361b01410fa27faeb"}, "medical_insurance": 1, "payment_method": 0, "Body_Mass_Index": 17.6, "hypertension": 0, "coronary_heart_disease": 1, "diabetes": 0, "transient_ischemic_attack": 0, "peripheral_arterial_disease": 0, "Postoperative_sequelae": 0, "atrial_fibrillation": 1, "hyperlipidemia": 0, "hyperhomocysteinemia": 0, "epilepsy": 0, "respiratory_tract_infection": 0, "dizziness": 0, "trauma": 0, "hemiplegia": 0, "aphasia": 0, "cognitive_disorder": 15, "Mrs_admission": 2, "NIHSS_admission": 18, "Gender": 2, "age": 49, "marital_status": 1, "occupation": 2, "critical": 0, "operation": 0, "LOS": 2}
2025-04-07 11:46:14,240 - routes.data_info - INFO - Number of model versions: 2
2025-04-07 11:46:15,199 - routes.data_info - INFO - Stats for age: {'min': 10, 'max': 99, 'count': 18159}
2025-04-07 11:46:16,187 - routes.data_info - INFO - Stats for Body_Mass_Index: {'min': 17.01, 'max': 44.52, 'count': 18159}
2025-04-07 11:46:17,247 - routes.data_info - INFO - Stats for Mrs_admission: {'min': 0, 'max': 4, 'count': 18159}
2025-04-07 11:46:18,444 - routes.data_info - INFO - Stats for NIHSS_admission: {'min': 0, 'max': 23, 'count': 18159}
2025-04-07 11:46:19,509 - routes.data_info - INFO - Stats for Gender: {'values': {'2': 8354, '1': 9805}, 'count': 18159}
2025-04-07 11:46:20,627 - routes.data_info - INFO - Stats for medical_insurance: {'values': {'1': 4531, '2': 12349, '7': 1175, '9': 68, '6': 30, '5': 5, '4': 1}, 'count': 18159}
2025-04-07 11:46:21,846 - routes.data_info - INFO - Stats for payment_method: {'values': {'0': 12360, '1': 5799}, 'count': 18159}
2025-04-07 11:46:21,847 - routes.data_info - INFO - Sending response: {'total_patients': 18159, 'model_versions': [{'version': 'model_20250407_092518', 'feature_count': 6, 'features': ['Body_Mass_Index', 'hypertension', 'diabetes', 'hyperhomocysteinemia', 'hemiplegia', 'dizziness']}, {'version': 'model_20250406_223115', 'feature_count': 5, 'features': ['age', 'Body_Mass_Index', 'Mrs_admission', 'NIHSS_admission', 'Gender']}], 'numerical_stats': {'age': {'min': 10, 'max': 99, 'count': 18159}, 'Body_Mass_Index': {'min': 17.01, 'max': 44.52, 'count': 18159}, 'Mrs_admission': {'min': 0, 'max': 4, 'count': 18159}, 'NIHSS_admission': {'min': 0, 'max': 23, 'count': 18159}}, 'categorical_stats': {'Gender': {'values': {'2': 8354, '1': 9805}, 'count': 18159}, 'medical_insurance': {'values': {'1': 4531, '2': 12349, '7': 1175, '9': 68, '6': 30, '5': 5, '4': 1}, 'count': 18159}, 'payment_method': {'values': {'0': 12360, '1': 5799}, 'count': 18159}}, 'last_updated': '2025-04-07T10:46:21.847454'}
2025-04-07 11:46:21,860 - werkzeug - INFO - 127.0.0.1 - - [07/Apr/2025 11:46:21] "GET /api/data/overview HTTP/1.1" 200 -
2025-04-07 11:47:02,245 - routes.data_info - INFO - MongoDB URI: mongodb://localhost:27017/medical_data
2025-04-07 11:47:02,246 - routes.data_info - INFO - DB Name: medical_data
2025-04-07 11:47:02,246 - routes.data_info - INFO - Collection Name: MOESM1_ESM
2025-04-07 11:47:02,246 - routes.data_info - INFO - MongoDB connection established successfully
2025-04-07 11:47:02,252 - routes.data_info - INFO - Total patients in database: 18159
2025-04-07 11:47:02,253 - routes.data_info - INFO - First patient data: {"_id": {"$oid": "67e803e361b01410fa27faeb"}, "medical_insurance": 1, "payment_method": 0, "Body_Mass_Index": 17.6, "hypertension": 0, "coronary_heart_disease": 1, "diabetes": 0, "transient_ischemic_attack": 0, "peripheral_arterial_disease": 0, "Postoperative_sequelae": 0, "atrial_fibrillation": 1, "hyperlipidemia": 0, "hyperhomocysteinemia": 0, "epilepsy": 0, "respiratory_tract_infection": 0, "dizziness": 0, "trauma": 0, "hemiplegia": 0, "aphasia": 0, "cognitive_disorder": 15, "Mrs_admission": 2, "NIHSS_admission": 18, "Gender": 2, "age": 49, "marital_status": 1, "occupation": 2, "critical": 0, "operation": 0, "LOS": 2}
2025-04-07 11:47:02,255 - routes.data_info - INFO - Number of model versions: 2
2025-04-07 11:47:02,949 - routes.data_info - INFO - Stats for age: {'min': 10, 'max': 99, 'count': 18159}
2025-04-07 11:47:03,703 - routes.data_info - INFO - Stats for Body_Mass_Index: {'min': 17.01, 'max': 44.52, 'count': 18159}
2025-04-07 11:47:04,498 - routes.data_info - INFO - Stats for Mrs_admission: {'min': 0, 'max': 4, 'count': 18159}
2025-04-07 11:47:05,255 - routes.data_info - INFO - Stats for NIHSS_admission: {'min': 0, 'max': 23, 'count': 18159}
2025-04-07 11:47:05,981 - routes.data_info - INFO - Stats for Gender: {'values': {'2': 8354, '1': 9805}, 'count': 18159}
2025-04-07 11:47:06,776 - routes.data_info - INFO - Stats for medical_insurance: {'values': {'1': 4531, '2': 12349, '7': 1175, '9': 68, '6': 30, '5': 5, '4': 1}, 'count': 18159}
2025-04-07 11:47:07,599 - routes.data_info - INFO - Stats for payment_method: {'values': {'0': 12360, '1': 5799}, 'count': 18159}
2025-04-07 11:47:07,600 - routes.data_info - INFO - Sending response: {'total_patients': 18159, 'model_versions': [{'version': 'model_20250407_092518', 'feature_count': 6, 'features': ['Body_Mass_Index', 'hypertension', 'diabetes', 'hyperhomocysteinemia', 'hemiplegia', 'dizziness']}, {'version': 'model_20250406_223115', 'feature_count': 5, 'features': ['age', 'Body_Mass_Index', 'Mrs_admission', 'NIHSS_admission', 'Gender']}], 'numerical_stats': {'age': {'min': 10, 'max': 99, 'count': 18159}, 'Body_Mass_Index': {'min': 17.01, 'max': 44.52, 'count': 18159}, 'Mrs_admission': {'min': 0, 'max': 4, 'count': 18159}, 'NIHSS_admission': {'min': 0, 'max': 23, 'count': 18159}}, 'categorical_stats': {'Gender': {'values': {'2': 8354, '1': 9805}, 'count': 18159}, 'medical_insurance': {'values': {'1': 4531, '2': 12349, '7': 1175, '9': 68, '6': 30, '5': 5, '4': 1}, 'count': 18159}, 'payment_method': {'values': {'0': 12360, '1': 5799}, 'count': 18159}}, 'last_updated': '2025-04-07T10:47:07.600833'}
2025-04-07 11:47:07,611 - werkzeug - INFO - 127.0.0.1 - - [07/Apr/2025 11:47:07] "GET /api/data/overview HTTP/1.1" 200 -
2025-04-07 11:47:07,613 - routes.data_info - INFO - MongoDB URI: mongodb://localhost:27017/medical_data
2025-04-07 11:47:07,614 - routes.data_info - INFO - DB Name: medical_data
2025-04-07 11:47:07,614 - routes.data_info - INFO - Collection Name: MOESM1_ESM
2025-04-07 11:47:07,615 - routes.data_info - INFO - MongoDB connection established successfully
2025-04-07 11:47:07,620 - routes.data_info - INFO - Total patients in database: 18159
2025-04-07 11:47:07,622 - routes.data_info - INFO - First patient data: {"_id": {"$oid": "67e803e361b01410fa27faeb"}, "medical_insurance": 1, "payment_method": 0, "Body_Mass_Index": 17.6, "hypertension": 0, "coronary_heart_disease": 1, "diabetes": 0, "transient_ischemic_attack": 0, "peripheral_arterial_disease": 0, "Postoperative_sequelae": 0, "atrial_fibrillation": 1, "hyperlipidemia": 0, "hyperhomocysteinemia": 0, "epilepsy": 0, "respiratory_tract_infection": 0, "dizziness": 0, "trauma": 0, "hemiplegia": 0, "aphasia": 0, "cognitive_disorder": 15, "Mrs_admission": 2, "NIHSS_admission": 18, "Gender": 2, "age": 49, "marital_status": 1, "occupation": 2, "critical": 0, "operation": 0, "LOS": 2}
2025-04-07 11:47:07,624 - routes.data_info - INFO - Number of model versions: 2
2025-04-07 11:47:08,308 - routes.data_info - INFO - Stats for age: {'min': 10, 'max': 99, 'count': 18159}
2025-04-07 11:47:09,105 - routes.data_info - INFO - Stats for Body_Mass_Index: {'min': 17.01, 'max': 44.52, 'count': 18159}
2025-04-07 11:47:09,834 - routes.data_info - INFO - Stats for Mrs_admission: {'min': 0, 'max': 4, 'count': 18159}
2025-04-07 11:47:10,570 - routes.data_info - INFO - Stats for NIHSS_admission: {'min': 0, 'max': 23, 'count': 18159}
2025-04-07 11:47:11,279 - routes.data_info - INFO - Stats for Gender: {'values': {'2': 8354, '1': 9805}, 'count': 18159}
2025-04-07 11:47:12,096 - routes.data_info - INFO - Stats for medical_insurance: {'values': {'1': 4531, '2': 12349, '7': 1175, '9': 68, '6': 30, '5': 5, '4': 1}, 'count': 18159}
2025-04-07 11:47:13,159 - routes.data_info - INFO - Stats for payment_method: {'values': {'0': 12360, '1': 5799}, 'count': 18159}
2025-04-07 11:47:13,160 - routes.data_info - INFO - Sending response: {'total_patients': 18159, 'model_versions': [{'version': 'model_20250407_092518', 'feature_count': 6, 'features': ['Body_Mass_Index', 'hypertension', 'diabetes', 'hyperhomocysteinemia', 'hemiplegia', 'dizziness']}, {'version': 'model_20250406_223115', 'feature_count': 5, 'features': ['age', 'Body_Mass_Index', 'Mrs_admission', 'NIHSS_admission', 'Gender']}], 'numerical_stats': {'age': {'min': 10, 'max': 99, 'count': 18159}, 'Body_Mass_Index': {'min': 17.01, 'max': 44.52, 'count': 18159}, 'Mrs_admission': {'min': 0, 'max': 4, 'count': 18159}, 'NIHSS_admission': {'min': 0, 'max': 23, 'count': 18159}}, 'categorical_stats': {'Gender': {'values': {'2': 8354, '1': 9805}, 'count': 18159}, 'medical_insurance': {'values': {'1': 4531, '2': 12349, '7': 1175, '9': 68, '6': 30, '5': 5, '4': 1}, 'count': 18159}, 'payment_method': {'values': {'0': 12360, '1': 5799}, 'count': 18159}}, 'last_updated': '2025-04-07T10:47:13.160623'}
2025-04-07 11:47:13,170 - werkzeug - INFO - 127.0.0.1 - - [07/Apr/2025 11:47:13] "GET /api/data/overview HTTP/1.1" 200 -
2025-04-07 11:47:13,481 - routes.data_info - INFO - MongoDB URI: mongodb://localhost:27017/medical_data
2025-04-07 11:47:13,482 - routes.data_info - INFO - DB Name: medical_data
2025-04-07 11:47:13,482 - routes.data_info - INFO - Collection Name: MOESM1_ESM
2025-04-07 11:47:13,483 - routes.data_info - INFO - MongoDB connection established successfully
2025-04-07 11:47:13,487 - routes.data_info - INFO - Total patients in database: 18159
2025-04-07 11:47:13,489 - routes.data_info - INFO - First patient data: {"_id": {"$oid": "67e803e361b01410fa27faeb"}, "medical_insurance": 1, "payment_method": 0, "Body_Mass_Index": 17.6, "hypertension": 0, "coronary_heart_disease": 1, "diabetes": 0, "transient_ischemic_attack": 0, "peripheral_arterial_disease": 0, "Postoperative_sequelae": 0, "atrial_fibrillation": 1, "hyperlipidemia": 0, "hyperhomocysteinemia": 0, "epilepsy": 0, "respiratory_tract_infection": 0, "dizziness": 0, "trauma": 0, "hemiplegia": 0, "aphasia": 0, "cognitive_disorder": 15, "Mrs_admission": 2, "NIHSS_admission": 18, "Gender": 2, "age": 49, "marital_status": 1, "occupation": 2, "critical": 0, "operation": 0, "LOS": 2}
2025-04-07 11:47:13,490 - routes.data_info - INFO - Number of model versions: 2
2025-04-07 11:47:14,524 - routes.data_info - INFO - Stats for age: {'min': 10, 'max': 99, 'count': 18159}
2025-04-07 11:47:15,733 - routes.data_info - INFO - Stats for Body_Mass_Index: {'min': 17.01, 'max': 44.52, 'count': 18159}
2025-04-07 11:47:16,913 - routes.data_info - INFO - Stats for Mrs_admission: {'min': 0, 'max': 4, 'count': 18159}
2025-04-07 11:47:17,968 - routes.data_info - INFO - Stats for NIHSS_admission: {'min': 0, 'max': 23, 'count': 18159}
2025-04-07 11:47:19,084 - routes.data_info - INFO - Stats for Gender: {'values': {'2': 8354, '1': 9805}, 'count': 18159}
2025-04-07 11:47:20,129 - routes.data_info - INFO - Stats for medical_insurance: {'values': {'1': 4531, '2': 12349, '7': 1175, '9': 68, '6': 30, '5': 5, '4': 1}, 'count': 18159}
2025-04-07 11:47:21,185 - routes.data_info - INFO - Stats for payment_method: {'values': {'0': 12360, '1': 5799}, 'count': 18159}
2025-04-07 11:47:21,186 - routes.data_info - INFO - Sending response: {'total_patients': 18159, 'model_versions': [{'version': 'model_20250407_092518', 'feature_count': 6, 'features': ['Body_Mass_Index', 'hypertension', 'diabetes', 'hyperhomocysteinemia', 'hemiplegia', 'dizziness']}, {'version': 'model_20250406_223115', 'feature_count': 5, 'features': ['age', 'Body_Mass_Index', 'Mrs_admission', 'NIHSS_admission', 'Gender']}], 'numerical_stats': {'age': {'min': 10, 'max': 99, 'count': 18159}, 'Body_Mass_Index': {'min': 17.01, 'max': 44.52, 'count': 18159}, 'Mrs_admission': {'min': 0, 'max': 4, 'count': 18159}, 'NIHSS_admission': {'min': 0, 'max': 23, 'count': 18159}}, 'categorical_stats': {'Gender': {'values': {'2': 8354, '1': 9805}, 'count': 18159}, 'medical_insurance': {'values': {'1': 4531, '2': 12349, '7': 1175, '9': 68, '6': 30, '5': 5, '4': 1}, 'count': 18159}, 'payment_method': {'values': {'0': 12360, '1': 5799}, 'count': 18159}}, 'last_updated': '2025-04-07T10:47:21.186558'}
2025-04-07 11:47:21,196 - werkzeug - INFO - 127.0.0.1 - - [07/Apr/2025 11:47:21] "GET /api/data/overview HTTP/1.1" 200 -
2025-04-07 11:47:21,199 - routes.data_info - INFO - MongoDB URI: mongodb://localhost:27017/medical_data
2025-04-07 11:47:21,199 - routes.data_info - INFO - DB Name: medical_data
2025-04-07 11:47:21,199 - routes.data_info - INFO - Collection Name: MOESM1_ESM
2025-04-07 11:47:21,199 - routes.data_info - INFO - MongoDB connection established successfully
2025-04-07 11:47:21,204 - routes.data_info - INFO - Total patients in database: 18159
2025-04-07 11:47:21,206 - routes.data_info - INFO - First patient data: {"_id": {"$oid": "67e803e361b01410fa27faeb"}, "medical_insurance": 1, "payment_method": 0, "Body_Mass_Index": 17.6, "hypertension": 0, "coronary_heart_disease": 1, "diabetes": 0, "transient_ischemic_attack": 0, "peripheral_arterial_disease": 0, "Postoperative_sequelae": 0, "atrial_fibrillation": 1, "hyperlipidemia": 0, "hyperhomocysteinemia": 0, "epilepsy": 0, "respiratory_tract_infection": 0, "dizziness": 0, "trauma": 0, "hemiplegia": 0, "aphasia": 0, "cognitive_disorder": 15, "Mrs_admission": 2, "NIHSS_admission": 18, "Gender": 2, "age": 49, "marital_status": 1, "occupation": 2, "critical": 0, "operation": 0, "LOS": 2}
2025-04-07 11:47:21,207 - routes.data_info - INFO - Number of model versions: 2
2025-04-07 11:47:22,227 - routes.data_info - INFO - Stats for age: {'min': 10, 'max': 99, 'count': 18159}
2025-04-07 11:47:23,350 - routes.data_info - INFO - Stats for Body_Mass_Index: {'min': 17.01, 'max': 44.52, 'count': 18159}
2025-04-07 11:47:24,379 - routes.data_info - INFO - Stats for Mrs_admission: {'min': 0, 'max': 4, 'count': 18159}
2025-04-07 11:47:25,363 - routes.data_info - INFO - Stats for NIHSS_admission: {'min': 0, 'max': 23, 'count': 18159}
2025-04-07 11:47:26,400 - routes.data_info - INFO - Stats for Gender: {'values': {'2': 8354, '1': 9805}, 'count': 18159}
2025-04-07 11:47:27,569 - routes.data_info - INFO - Stats for medical_insurance: {'values': {'1': 4531, '2': 12349, '7': 1175, '9': 68, '6': 30, '5': 5, '4': 1}, 'count': 18159}
2025-04-07 11:47:28,633 - routes.data_info - INFO - Stats for payment_method: {'values': {'0': 12360, '1': 5799}, 'count': 18159}
2025-04-07 11:47:28,634 - routes.data_info - INFO - Sending response: {'total_patients': 18159, 'model_versions': [{'version': 'model_20250407_092518', 'feature_count': 6, 'features': ['Body_Mass_Index', 'hypertension', 'diabetes', 'hyperhomocysteinemia', 'hemiplegia', 'dizziness']}, {'version': 'model_20250406_223115', 'feature_count': 5, 'features': ['age', 'Body_Mass_Index', 'Mrs_admission', 'NIHSS_admission', 'Gender']}], 'numerical_stats': {'age': {'min': 10, 'max': 99, 'count': 18159}, 'Body_Mass_Index': {'min': 17.01, 'max': 44.52, 'count': 18159}, 'Mrs_admission': {'min': 0, 'max': 4, 'count': 18159}, 'NIHSS_admission': {'min': 0, 'max': 23, 'count': 18159}}, 'categorical_stats': {'Gender': {'values': {'2': 8354, '1': 9805}, 'count': 18159}, 'medical_insurance': {'values': {'1': 4531, '2': 12349, '7': 1175, '9': 68, '6': 30, '5': 5, '4': 1}, 'count': 18159}, 'payment_method': {'values': {'0': 12360, '1': 5799}, 'count': 18159}}, 'last_updated': '2025-04-07T10:47:28.634293'}
2025-04-07 11:47:28,646 - werkzeug - INFO - 127.0.0.1 - - [07/Apr/2025 11:47:28] "GET /api/data/overview HTTP/1.1" 200 -
2025-04-07 11:47:58,232 - routes.data_info - INFO - MongoDB URI: mongodb://localhost:27017/medical_data
2025-04-07 11:47:58,232 - routes.data_info - INFO - DB Name: medical_data
2025-04-07 11:47:58,232 - routes.data_info - INFO - Collection Name: MOESM1_ESM
2025-04-07 11:47:58,234 - routes.data_info - INFO - MongoDB connection established successfully
2025-04-07 11:47:58,237 - routes.data_info - INFO - Total patients in database: 18159
2025-04-07 11:47:58,239 - routes.data_info - INFO - First patient data: {"_id": {"$oid": "67e803e361b01410fa27faeb"}, "medical_insurance": 1, "payment_method": 0, "Body_Mass_Index": 17.6, "hypertension": 0, "coronary_heart_disease": 1, "diabetes": 0, "transient_ischemic_attack": 0, "peripheral_arterial_disease": 0, "Postoperative_sequelae": 0, "atrial_fibrillation": 1, "hyperlipidemia": 0, "hyperhomocysteinemia": 0, "epilepsy": 0, "respiratory_tract_infection": 0, "dizziness": 0, "trauma": 0, "hemiplegia": 0, "aphasia": 0, "cognitive_disorder": 15, "Mrs_admission": 2, "NIHSS_admission": 18, "Gender": 2, "age": 49, "marital_status": 1, "occupation": 2, "critical": 0, "operation": 0, "LOS": 2}
2025-04-07 11:47:58,241 - routes.data_info - INFO - Number of model versions: 2
2025-04-07 11:47:59,030 - routes.data_info - INFO - Stats for age: {'min': 10, 'max': 99, 'count': 18159}
2025-04-07 11:47:59,919 - routes.data_info - INFO - Stats for Body_Mass_Index: {'min': 17.01, 'max': 44.52, 'count': 18159}
2025-04-07 11:48:00,681 - routes.data_info - INFO - Stats for Mrs_admission: {'min': 0, 'max': 4, 'count': 18159}
2025-04-07 11:48:01,396 - routes.data_info - INFO - Stats for NIHSS_admission: {'min': 0, 'max': 23, 'count': 18159}
2025-04-07 11:48:02,116 - routes.data_info - INFO - Stats for Gender: {'values': {'2': 8354, '1': 9805}, 'count': 18159}
2025-04-07 11:48:02,945 - routes.data_info - INFO - Stats for medical_insurance: {'values': {'1': 4531, '2': 12349, '7': 1175, '9': 68, '6': 30, '5': 5, '4': 1}, 'count': 18159}
2025-04-07 11:48:03,656 - routes.data_info - INFO - Stats for payment_method: {'values': {'0': 12360, '1': 5799}, 'count': 18159}
2025-04-07 11:48:03,657 - routes.data_info - INFO - Sending response: {'total_patients': 18159, 'model_versions': [{'version': 'model_20250407_092518', 'feature_count': 6, 'features': ['Body_Mass_Index', 'hypertension', 'diabetes', 'hyperhomocysteinemia', 'hemiplegia', 'dizziness']}, {'version': 'model_20250406_223115', 'feature_count': 5, 'features': ['age', 'Body_Mass_Index', 'Mrs_admission', 'NIHSS_admission', 'Gender']}], 'numerical_stats': {'age': {'min': 10, 'max': 99, 'count': 18159}, 'Body_Mass_Index': {'min': 17.01, 'max': 44.52, 'count': 18159}, 'Mrs_admission': {'min': 0, 'max': 4, 'count': 18159}, 'NIHSS_admission': {'min': 0, 'max': 23, 'count': 18159}}, 'categorical_stats': {'Gender': {'values': {'2': 8354, '1': 9805}, 'count': 18159}, 'medical_insurance': {'values': {'1': 4531, '2': 12349, '7': 1175, '9': 68, '6': 30, '5': 5, '4': 1}, 'count': 18159}, 'payment_method': {'values': {'0': 12360, '1': 5799}, 'count': 18159}}, 'last_updated': '2025-04-07T10:48:03.657901'}
2025-04-07 11:48:03,667 - werkzeug - INFO - 127.0.0.1 - - [07/Apr/2025 11:48:03] "GET /api/data/overview HTTP/1.1" 200 -
2025-04-07 11:48:03,669 - routes.data_info - INFO - MongoDB URI: mongodb://localhost:27017/medical_data
2025-04-07 11:48:03,670 - routes.data_info - INFO - DB Name: medical_data
2025-04-07 11:48:03,670 - routes.data_info - INFO - Collection Name: MOESM1_ESM
2025-04-07 11:48:03,670 - routes.data_info - INFO - MongoDB connection established successfully
2025-04-07 11:48:03,675 - routes.data_info - INFO - Total patients in database: 18159
2025-04-07 11:48:03,676 - routes.data_info - INFO - First patient data: {"_id": {"$oid": "67e803e361b01410fa27faeb"}, "medical_insurance": 1, "payment_method": 0, "Body_Mass_Index": 17.6, "hypertension": 0, "coronary_heart_disease": 1, "diabetes": 0, "transient_ischemic_attack": 0, "peripheral_arterial_disease": 0, "Postoperative_sequelae": 0, "atrial_fibrillation": 1, "hyperlipidemia": 0, "hyperhomocysteinemia": 0, "epilepsy": 0, "respiratory_tract_infection": 0, "dizziness": 0, "trauma": 0, "hemiplegia": 0, "aphasia": 0, "cognitive_disorder": 15, "Mrs_admission": 2, "NIHSS_admission": 18, "Gender": 2, "age": 49, "marital_status": 1, "occupation": 2, "critical": 0, "operation": 0, "LOS": 2}
2025-04-07 11:48:03,677 - routes.data_info - INFO - Number of model versions: 2
2025-04-07 11:48:04,387 - routes.data_info - INFO - Stats for age: {'min': 10, 'max': 99, 'count': 18159}
2025-04-07 11:48:05,123 - routes.data_info - INFO - Stats for Body_Mass_Index: {'min': 17.01, 'max': 44.52, 'count': 18159}
2025-04-07 11:48:05,911 - routes.data_info - INFO - Stats for Mrs_admission: {'min': 0, 'max': 4, 'count': 18159}
2025-04-07 11:48:06,755 - routes.data_info - INFO - Stats for NIHSS_admission: {'min': 0, 'max': 23, 'count': 18159}
2025-04-07 11:48:07,483 - routes.data_info - INFO - Stats for Gender: {'values': {'2': 8354, '1': 9805}, 'count': 18159}
2025-04-07 11:48:08,251 - routes.data_info - INFO - Stats for medical_insurance: {'values': {'1': 4531, '2': 12349, '7': 1175, '9': 68, '6': 30, '5': 5, '4': 1}, 'count': 18159}
2025-04-07 11:48:08,957 - routes.data_info - INFO - Stats for payment_method: {'values': {'0': 12360, '1': 5799}, 'count': 18159}
2025-04-07 11:48:08,958 - routes.data_info - INFO - Sending response: {'total_patients': 18159, 'model_versions': [{'version': 'model_20250407_092518', 'feature_count': 6, 'features': ['Body_Mass_Index', 'hypertension', 'diabetes', 'hyperhomocysteinemia', 'hemiplegia', 'dizziness']}, {'version': 'model_20250406_223115', 'feature_count': 5, 'features': ['age', 'Body_Mass_Index', 'Mrs_admission', 'NIHSS_admission', 'Gender']}], 'numerical_stats': {'age': {'min': 10, 'max': 99, 'count': 18159}, 'Body_Mass_Index': {'min': 17.01, 'max': 44.52, 'count': 18159}, 'Mrs_admission': {'min': 0, 'max': 4, 'count': 18159}, 'NIHSS_admission': {'min': 0, 'max': 23, 'count': 18159}}, 'categorical_stats': {'Gender': {'values': {'2': 8354, '1': 9805}, 'count': 18159}, 'medical_insurance': {'values': {'1': 4531, '2': 12349, '7': 1175, '9': 68, '6': 30, '5': 5, '4': 1}, 'count': 18159}, 'payment_method': {'values': {'0': 12360, '1': 5799}, 'count': 18159}}, 'last_updated': '2025-04-07T10:48:08.958142'}
2025-04-07 11:48:08,967 - werkzeug - INFO - 127.0.0.1 - - [07/Apr/2025 11:48:08] "GET /api/data/overview HTTP/1.1" 200 -
2025-04-07 11:48:13,820 - routes.data_info - INFO - MongoDB URI: mongodb://localhost:27017/medical_data
2025-04-07 11:48:13,820 - routes.data_info - INFO - DB Name: medical_data
2025-04-07 11:48:13,821 - routes.data_info - INFO - Collection Name: MOESM1_ESM
2025-04-07 11:48:13,821 - routes.data_info - INFO - MongoDB connection established successfully
2025-04-07 11:48:13,825 - routes.data_info - INFO - Total patients in database: 18159
2025-04-07 11:48:13,826 - routes.data_info - INFO - First patient data: {"_id": {"$oid": "67e803e361b01410fa27faeb"}, "medical_insurance": 1, "payment_method": 0, "Body_Mass_Index": 17.6, "hypertension": 0, "coronary_heart_disease": 1, "diabetes": 0, "transient_ischemic_attack": 0, "peripheral_arterial_disease": 0, "Postoperative_sequelae": 0, "atrial_fibrillation": 1, "hyperlipidemia": 0, "hyperhomocysteinemia": 0, "epilepsy": 0, "respiratory_tract_infection": 0, "dizziness": 0, "trauma": 0, "hemiplegia": 0, "aphasia": 0, "cognitive_disorder": 15, "Mrs_admission": 2, "NIHSS_admission": 18, "Gender": 2, "age": 49, "marital_status": 1, "occupation": 2, "critical": 0, "operation": 0, "LOS": 2}
2025-04-07 11:48:13,827 - routes.data_info - INFO - Number of model versions: 2
2025-04-07 11:48:14,559 - routes.data_info - INFO - Stats for age: {'min': 10, 'max': 99, 'count': 18159}
2025-04-07 11:48:15,377 - routes.data_info - INFO - Stats for Body_Mass_Index: {'min': 17.01, 'max': 44.52, 'count': 18159}
2025-04-07 11:48:16,138 - routes.data_info - INFO - Stats for Mrs_admission: {'min': 0, 'max': 4, 'count': 18159}
2025-04-07 11:48:16,864 - routes.data_info - INFO - Stats for NIHSS_admission: {'min': 0, 'max': 23, 'count': 18159}
2025-04-07 11:48:17,675 - routes.data_info - INFO - Stats for Gender: {'values': {'2': 8354, '1': 9805}, 'count': 18159}
2025-04-07 11:48:18,598 - routes.data_info - INFO - Stats for medical_insurance: {'values': {'1': 4531, '2': 12349, '7': 1175, '9': 68, '6': 30, '5': 5, '4': 1}, 'count': 18159}
2025-04-07 11:48:19,659 - routes.data_info - INFO - Stats for payment_method: {'values': {'0': 12360, '1': 5799}, 'count': 18159}
2025-04-07 11:48:19,659 - routes.data_info - INFO - Sending response: {'total_patients': 18159, 'model_versions': [{'version': 'model_20250407_092518', 'feature_count': 6, 'features': ['Body_Mass_Index', 'hypertension', 'diabetes', 'hyperhomocysteinemia', 'hemiplegia', 'dizziness']}, {'version': 'model_20250406_223115', 'feature_count': 5, 'features': ['age', 'Body_Mass_Index', 'Mrs_admission', 'NIHSS_admission', 'Gender']}], 'numerical_stats': {'age': {'min': 10, 'max': 99, 'count': 18159}, 'Body_Mass_Index': {'min': 17.01, 'max': 44.52, 'count': 18159}, 'Mrs_admission': {'min': 0, 'max': 4, 'count': 18159}, 'NIHSS_admission': {'min': 0, 'max': 23, 'count': 18159}}, 'categorical_stats': {'Gender': {'values': {'2': 8354, '1': 9805}, 'count': 18159}, 'medical_insurance': {'values': {'1': 4531, '2': 12349, '7': 1175, '9': 68, '6': 30, '5': 5, '4': 1}, 'count': 18159}, 'payment_method': {'values': {'0': 12360, '1': 5799}, 'count': 18159}}, 'last_updated': '2025-04-07T10:48:19.659770'}
2025-04-07 11:48:19,669 - werkzeug - INFO - 127.0.0.1 - - [07/Apr/2025 11:48:19] "GET /api/data/overview HTTP/1.1" 200 -
2025-04-07 11:48:19,671 - routes.data_info - INFO - MongoDB URI: mongodb://localhost:27017/medical_data
2025-04-07 11:48:19,672 - routes.data_info - INFO - DB Name: medical_data
2025-04-07 11:48:19,672 - routes.data_info - INFO - Collection Name: MOESM1_ESM
2025-04-07 11:48:19,672 - routes.data_info - INFO - MongoDB connection established successfully
2025-04-07 11:48:19,676 - routes.data_info - INFO - Total patients in database: 18159
2025-04-07 11:48:19,678 - routes.data_info - INFO - First patient data: {"_id": {"$oid": "67e803e361b01410fa27faeb"}, "medical_insurance": 1, "payment_method": 0, "Body_Mass_Index": 17.6, "hypertension": 0, "coronary_heart_disease": 1, "diabetes": 0, "transient_ischemic_attack": 0, "peripheral_arterial_disease": 0, "Postoperative_sequelae": 0, "atrial_fibrillation": 1, "hyperlipidemia": 0, "hyperhomocysteinemia": 0, "epilepsy": 0, "respiratory_tract_infection": 0, "dizziness": 0, "trauma": 0, "hemiplegia": 0, "aphasia": 0, "cognitive_disorder": 15, "Mrs_admission": 2, "NIHSS_admission": 18, "Gender": 2, "age": 49, "marital_status": 1, "occupation": 2, "critical": 0, "operation": 0, "LOS": 2}
2025-04-07 11:48:19,680 - routes.data_info - INFO - Number of model versions: 2
2025-04-07 11:48:20,700 - routes.data_info - INFO - Stats for age: {'min': 10, 'max': 99, 'count': 18159}
2025-04-07 11:48:21,781 - routes.data_info - INFO - Stats for Body_Mass_Index: {'min': 17.01, 'max': 44.52, 'count': 18159}
2025-04-07 11:48:22,835 - routes.data_info - INFO - Stats for Mrs_admission: {'min': 0, 'max': 4, 'count': 18159}
2025-04-07 11:48:23,954 - routes.data_info - INFO - Stats for NIHSS_admission: {'min': 0, 'max': 23, 'count': 18159}
2025-04-07 11:48:25,127 - routes.data_info - INFO - Stats for Gender: {'values': {'2': 8354, '1': 9805}, 'count': 18159}
2025-04-07 11:48:26,237 - routes.data_info - INFO - Stats for medical_insurance: {'values': {'1': 4531, '2': 12349, '7': 1175, '9': 68, '6': 30, '5': 5, '4': 1}, 'count': 18159}
2025-04-07 11:48:27,234 - routes.data_info - INFO - Stats for payment_method: {'values': {'0': 12360, '1': 5799}, 'count': 18159}
2025-04-07 11:48:27,235 - routes.data_info - INFO - Sending response: {'total_patients': 18159, 'model_versions': [{'version': 'model_20250407_092518', 'feature_count': 6, 'features': ['Body_Mass_Index', 'hypertension', 'diabetes', 'hyperhomocysteinemia', 'hemiplegia', 'dizziness']}, {'version': 'model_20250406_223115', 'feature_count': 5, 'features': ['age', 'Body_Mass_Index', 'Mrs_admission', 'NIHSS_admission', 'Gender']}], 'numerical_stats': {'age': {'min': 10, 'max': 99, 'count': 18159}, 'Body_Mass_Index': {'min': 17.01, 'max': 44.52, 'count': 18159}, 'Mrs_admission': {'min': 0, 'max': 4, 'count': 18159}, 'NIHSS_admission': {'min': 0, 'max': 23, 'count': 18159}}, 'categorical_stats': {'Gender': {'values': {'2': 8354, '1': 9805}, 'count': 18159}, 'medical_insurance': {'values': {'1': 4531, '2': 12349, '7': 1175, '9': 68, '6': 30, '5': 5, '4': 1}, 'count': 18159}, 'payment_method': {'values': {'0': 12360, '1': 5799}, 'count': 18159}}, 'last_updated': '2025-04-07T10:48:27.235209'}
2025-04-07 11:48:27,248 - werkzeug - INFO - 127.0.0.1 - - [07/Apr/2025 11:48:27] "GET /api/data/overview HTTP/1.1" 200 -
2025-04-07 11:48:27,567 - routes.data_info - INFO - MongoDB URI: mongodb://localhost:27017/medical_data
2025-04-07 11:48:27,568 - routes.data_info - INFO - DB Name: medical_data
2025-04-07 11:48:27,568 - routes.data_info - INFO - Collection Name: MOESM1_ESM
2025-04-07 11:48:27,569 - routes.data_info - INFO - MongoDB connection established successfully
2025-04-07 11:48:27,573 - routes.data_info - INFO - Total patients in database: 18159
2025-04-07 11:48:27,575 - routes.data_info - INFO - First patient data: {"_id": {"$oid": "67e803e361b01410fa27faeb"}, "medical_insurance": 1, "payment_method": 0, "Body_Mass_Index": 17.6, "hypertension": 0, "coronary_heart_disease": 1, "diabetes": 0, "transient_ischemic_attack": 0, "peripheral_arterial_disease": 0, "Postoperative_sequelae": 0, "atrial_fibrillation": 1, "hyperlipidemia": 0, "hyperhomocysteinemia": 0, "epilepsy": 0, "respiratory_tract_infection": 0, "dizziness": 0, "trauma": 0, "hemiplegia": 0, "aphasia": 0, "cognitive_disorder": 15, "Mrs_admission": 2, "NIHSS_admission": 18, "Gender": 2, "age": 49, "marital_status": 1, "occupation": 2, "critical": 0, "operation": 0, "LOS": 2}
2025-04-07 11:48:27,576 - routes.data_info - INFO - Number of model versions: 2
2025-04-07 11:48:28,588 - routes.data_info - INFO - Stats for age: {'min': 10, 'max': 99, 'count': 18159}
2025-04-07 11:48:29,345 - routes.data_info - INFO - Stats for Body_Mass_Index: {'min': 17.01, 'max': 44.52, 'count': 18159}
2025-04-07 11:48:29,998 - routes.data_info - INFO - Stats for Mrs_admission: {'min': 0, 'max': 4, 'count': 18159}
2025-04-07 11:48:30,658 - routes.data_info - INFO - Stats for NIHSS_admission: {'min': 0, 'max': 23, 'count': 18159}
2025-04-07 11:48:31,373 - routes.data_info - INFO - Stats for Gender: {'values': {'2': 8354, '1': 9805}, 'count': 18159}
2025-04-07 11:48:32,024 - routes.data_info - INFO - Stats for medical_insurance: {'values': {'1': 4531, '2': 12349, '7': 1175, '9': 68, '6': 30, '5': 5, '4': 1}, 'count': 18159}
2025-04-07 11:48:32,685 - routes.data_info - INFO - Stats for payment_method: {'values': {'0': 12360, '1': 5799}, 'count': 18159}
2025-04-07 11:48:32,686 - routes.data_info - INFO - Sending response: {'total_patients': 18159, 'model_versions': [{'version': 'model_20250407_092518', 'feature_count': 6, 'features': ['Body_Mass_Index', 'hypertension', 'diabetes', 'hyperhomocysteinemia', 'hemiplegia', 'dizziness']}, {'version': 'model_20250406_223115', 'feature_count': 5, 'features': ['age', 'Body_Mass_Index', 'Mrs_admission', 'NIHSS_admission', 'Gender']}], 'numerical_stats': {'age': {'min': 10, 'max': 99, 'count': 18159}, 'Body_Mass_Index': {'min': 17.01, 'max': 44.52, 'count': 18159}, 'Mrs_admission': {'min': 0, 'max': 4, 'count': 18159}, 'NIHSS_admission': {'min': 0, 'max': 23, 'count': 18159}}, 'categorical_stats': {'Gender': {'values': {'2': 8354, '1': 9805}, 'count': 18159}, 'medical_insurance': {'values': {'1': 4531, '2': 12349, '7': 1175, '9': 68, '6': 30, '5': 5, '4': 1}, 'count': 18159}, 'payment_method': {'values': {'0': 12360, '1': 5799}, 'count': 18159}}, 'last_updated': '2025-04-07T10:48:32.686351'}
2025-04-07 11:48:32,694 - werkzeug - INFO - 127.0.0.1 - - [07/Apr/2025 11:48:32] "GET /api/data/overview HTTP/1.1" 200 -
2025-04-07 11:49:52,247 - routes.data_info - INFO - MongoDB URI: mongodb://localhost:27017/medical_data
2025-04-07 11:49:52,247 - routes.data_info - INFO - DB Name: medical_data
2025-04-07 11:49:52,248 - routes.data_info - INFO - Collection Name: MOESM1_ESM
2025-04-07 11:49:52,248 - routes.data_info - INFO - MongoDB connection established successfully
2025-04-07 11:49:52,253 - routes.data_info - INFO - Total patients in database: 18159
2025-04-07 11:49:52,254 - routes.data_info - INFO - First patient data: {"_id": {"$oid": "67e803e361b01410fa27faeb"}, "medical_insurance": 1, "payment_method": 0, "Body_Mass_Index": 17.6, "hypertension": 0, "coronary_heart_disease": 1, "diabetes": 0, "transient_ischemic_attack": 0, "peripheral_arterial_disease": 0, "Postoperative_sequelae": 0, "atrial_fibrillation": 1, "hyperlipidemia": 0, "hyperhomocysteinemia": 0, "epilepsy": 0, "respiratory_tract_infection": 0, "dizziness": 0, "trauma": 0, "hemiplegia": 0, "aphasia": 0, "cognitive_disorder": 15, "Mrs_admission": 2, "NIHSS_admission": 18, "Gender": 2, "age": 49, "marital_status": 1, "occupation": 2, "critical": 0, "operation": 0, "LOS": 2}
2025-04-07 11:49:52,256 - routes.data_info - INFO - Number of model versions: 2
2025-04-07 11:49:53,012 - routes.data_info - INFO - Stats for age: {'min': 10, 'max': 99, 'count': 18159}
2025-04-07 11:49:53,822 - routes.data_info - INFO - Stats for Body_Mass_Index: {'min': 17.01, 'max': 44.52, 'count': 18159}
2025-04-07 11:49:54,570 - routes.data_info - INFO - Stats for Mrs_admission: {'min': 0, 'max': 4, 'count': 18159}
2025-04-07 11:49:55,353 - routes.data_info - INFO - Stats for NIHSS_admission: {'min': 0, 'max': 23, 'count': 18159}
2025-04-07 11:49:56,159 - routes.data_info - INFO - Stats for Gender: {'values': {'2': 8354, '1': 9805}, 'count': 18159}
2025-04-07 11:49:56,869 - routes.data_info - INFO - Stats for medical_insurance: {'values': {'1': 4531, '2': 12349, '7': 1175, '9': 68, '6': 30, '5': 5, '4': 1}, 'count': 18159}
2025-04-07 11:49:57,599 - routes.data_info - INFO - Stats for payment_method: {'values': {'0': 12360, '1': 5799}, 'count': 18159}
2025-04-07 11:49:57,599 - routes.data_info - INFO - Sending response: {'total_patients': 18159, 'model_versions': [{'version': 'model_20250407_092518', 'feature_count': 6, 'features': ['Body_Mass_Index', 'hypertension', 'diabetes', 'hyperhomocysteinemia', 'hemiplegia', 'dizziness']}, {'version': 'model_20250406_223115', 'feature_count': 5, 'features': ['age', 'Body_Mass_Index', 'Mrs_admission', 'NIHSS_admission', 'Gender']}], 'numerical_stats': {'age': {'min': 10, 'max': 99, 'count': 18159}, 'Body_Mass_Index': {'min': 17.01, 'max': 44.52, 'count': 18159}, 'Mrs_admission': {'min': 0, 'max': 4, 'count': 18159}, 'NIHSS_admission': {'min': 0, 'max': 23, 'count': 18159}}, 'categorical_stats': {'Gender': {'values': {'2': 8354, '1': 9805}, 'count': 18159}, 'medical_insurance': {'values': {'1': 4531, '2': 12349, '7': 1175, '9': 68, '6': 30, '5': 5, '4': 1}, 'count': 18159}, 'payment_method': {'values': {'0': 12360, '1': 5799}, 'count': 18159}}, 'last_updated': '2025-04-07T10:49:57.599317'}
2025-04-07 11:49:57,608 - werkzeug - INFO - 127.0.0.1 - - [07/Apr/2025 11:49:57] "GET /api/data/overview HTTP/1.1" 200 -
2025-04-07 11:49:57,611 - routes.data_info - INFO - MongoDB URI: mongodb://localhost:27017/medical_data
2025-04-07 11:49:57,612 - routes.data_info - INFO - DB Name: medical_data
2025-04-07 11:49:57,612 - routes.data_info - INFO - Collection Name: MOESM1_ESM
2025-04-07 11:49:57,612 - routes.data_info - INFO - MongoDB connection established successfully
2025-04-07 11:49:57,616 - routes.data_info - INFO - Total patients in database: 18159
2025-04-07 11:49:57,618 - routes.data_info - INFO - First patient data: {"_id": {"$oid": "67e803e361b01410fa27faeb"}, "medical_insurance": 1, "payment_method": 0, "Body_Mass_Index": 17.6, "hypertension": 0, "coronary_heart_disease": 1, "diabetes": 0, "transient_ischemic_attack": 0, "peripheral_arterial_disease": 0, "Postoperative_sequelae": 0, "atrial_fibrillation": 1, "hyperlipidemia": 0, "hyperhomocysteinemia": 0, "epilepsy": 0, "respiratory_tract_infection": 0, "dizziness": 0, "trauma": 0, "hemiplegia": 0, "aphasia": 0, "cognitive_disorder": 15, "Mrs_admission": 2, "NIHSS_admission": 18, "Gender": 2, "age": 49, "marital_status": 1, "occupation": 2, "critical": 0, "operation": 0, "LOS": 2}
2025-04-07 11:49:57,619 - routes.data_info - INFO - Number of model versions: 2
2025-04-07 11:49:58,301 - routes.data_info - INFO - Stats for age: {'min': 10, 'max': 99, 'count': 18159}
2025-04-07 11:49:59,073 - routes.data_info - INFO - Stats for Body_Mass_Index: {'min': 17.01, 'max': 44.52, 'count': 18159}
2025-04-07 11:49:59,829 - routes.data_info - INFO - Stats for Mrs_admission: {'min': 0, 'max': 4, 'count': 18159}
2025-04-07 11:50:00,563 - routes.data_info - INFO - Stats for NIHSS_admission: {'min': 0, 'max': 23, 'count': 18159}
2025-04-07 11:50:01,361 - routes.data_info - INFO - Stats for Gender: {'values': {'2': 8354, '1': 9805}, 'count': 18159}
2025-04-07 11:50:02,178 - routes.data_info - INFO - Stats for medical_insurance: {'values': {'1': 4531, '2': 12349, '7': 1175, '9': 68, '6': 30, '5': 5, '4': 1}, 'count': 18159}
2025-04-07 11:50:02,912 - routes.data_info - INFO - Stats for payment_method: {'values': {'0': 12360, '1': 5799}, 'count': 18159}
2025-04-07 11:50:02,913 - routes.data_info - INFO - Sending response: {'total_patients': 18159, 'model_versions': [{'version': 'model_20250407_092518', 'feature_count': 6, 'features': ['Body_Mass_Index', 'hypertension', 'diabetes', 'hyperhomocysteinemia', 'hemiplegia', 'dizziness']}, {'version': 'model_20250406_223115', 'feature_count': 5, 'features': ['age', 'Body_Mass_Index', 'Mrs_admission', 'NIHSS_admission', 'Gender']}], 'numerical_stats': {'age': {'min': 10, 'max': 99, 'count': 18159}, 'Body_Mass_Index': {'min': 17.01, 'max': 44.52, 'count': 18159}, 'Mrs_admission': {'min': 0, 'max': 4, 'count': 18159}, 'NIHSS_admission': {'min': 0, 'max': 23, 'count': 18159}}, 'categorical_stats': {'Gender': {'values': {'2': 8354, '1': 9805}, 'count': 18159}, 'medical_insurance': {'values': {'1': 4531, '2': 12349, '7': 1175, '9': 68, '6': 30, '5': 5, '4': 1}, 'count': 18159}, 'payment_method': {'values': {'0': 12360, '1': 5799}, 'count': 18159}}, 'last_updated': '2025-04-07T10:50:02.913535'}
2025-04-07 11:50:02,923 - werkzeug - INFO - 127.0.0.1 - - [07/Apr/2025 11:50:02] "GET /api/data/overview HTTP/1.1" 200 -
2025-04-07 11:50:03,232 - routes.data_info - INFO - MongoDB URI: mongodb://localhost:27017/medical_data
2025-04-07 11:50:03,232 - routes.data_info - INFO - DB Name: medical_data
2025-04-07 11:50:03,232 - routes.data_info - INFO - Collection Name: MOESM1_ESM
2025-04-07 11:50:03,233 - routes.data_info - INFO - MongoDB connection established successfully
2025-04-07 11:50:03,237 - routes.data_info - INFO - Total patients in database: 18159
2025-04-07 11:50:03,239 - routes.data_info - INFO - First patient data: {"_id": {"$oid": "67e803e361b01410fa27faeb"}, "medical_insurance": 1, "payment_method": 0, "Body_Mass_Index": 17.6, "hypertension": 0, "coronary_heart_disease": 1, "diabetes": 0, "transient_ischemic_attack": 0, "peripheral_arterial_disease": 0, "Postoperative_sequelae": 0, "atrial_fibrillation": 1, "hyperlipidemia": 0, "hyperhomocysteinemia": 0, "epilepsy": 0, "respiratory_tract_infection": 0, "dizziness": 0, "trauma": 0, "hemiplegia": 0, "aphasia": 0, "cognitive_disorder": 15, "Mrs_admission": 2, "NIHSS_admission": 18, "Gender": 2, "age": 49, "marital_status": 1, "occupation": 2, "critical": 0, "operation": 0, "LOS": 2}
2025-04-07 11:50:03,240 - routes.data_info - INFO - Number of model versions: 2
2025-04-07 11:50:03,942 - routes.data_info - INFO - Stats for age: {'min': 10, 'max': 99, 'count': 18159}
2025-04-07 11:50:04,745 - routes.data_info - INFO - Stats for Body_Mass_Index: {'min': 17.01, 'max': 44.52, 'count': 18159}
2025-04-07 11:50:05,461 - routes.data_info - INFO - Stats for Mrs_admission: {'min': 0, 'max': 4, 'count': 18159}
2025-04-07 11:50:06,176 - routes.data_info - INFO - Stats for NIHSS_admission: {'min': 0, 'max': 23, 'count': 18159}
2025-04-07 11:50:06,974 - routes.data_info - INFO - Stats for Gender: {'values': {'2': 8354, '1': 9805}, 'count': 18159}
2025-04-07 11:50:07,685 - routes.data_info - INFO - Stats for medical_insurance: {'values': {'1': 4531, '2': 12349, '7': 1175, '9': 68, '6': 30, '5': 5, '4': 1}, 'count': 18159}
2025-04-07 11:50:08,396 - routes.data_info - INFO - Stats for payment_method: {'values': {'0': 12360, '1': 5799}, 'count': 18159}
2025-04-07 11:50:08,397 - routes.data_info - INFO - Sending response: {'total_patients': 18159, 'model_versions': [{'version': 'model_20250407_092518', 'feature_count': 6, 'features': ['Body_Mass_Index', 'hypertension', 'diabetes', 'hyperhomocysteinemia', 'hemiplegia', 'dizziness']}, {'version': 'model_20250406_223115', 'feature_count': 5, 'features': ['age', 'Body_Mass_Index', 'Mrs_admission', 'NIHSS_admission', 'Gender']}], 'numerical_stats': {'age': {'min': 10, 'max': 99, 'count': 18159}, 'Body_Mass_Index': {'min': 17.01, 'max': 44.52, 'count': 18159}, 'Mrs_admission': {'min': 0, 'max': 4, 'count': 18159}, 'NIHSS_admission': {'min': 0, 'max': 23, 'count': 18159}}, 'categorical_stats': {'Gender': {'values': {'2': 8354, '1': 9805}, 'count': 18159}, 'medical_insurance': {'values': {'1': 4531, '2': 12349, '7': 1175, '9': 68, '6': 30, '5': 5, '4': 1}, 'count': 18159}, 'payment_method': {'values': {'0': 12360, '1': 5799}, 'count': 18159}}, 'last_updated': '2025-04-07T10:50:08.397348'}
2025-04-07 11:50:08,405 - werkzeug - INFO - 127.0.0.1 - - [07/Apr/2025 11:50:08] "GET /api/data/overview HTTP/1.1" 200 -
2025-04-07 11:50:09,924 - routes.data_info - INFO - MongoDB URI: mongodb://localhost:27017/medical_data
2025-04-07 11:50:09,924 - routes.data_info - INFO - DB Name: medical_data
2025-04-07 11:50:09,925 - routes.data_info - INFO - Collection Name: MOESM1_ESM
2025-04-07 11:50:09,925 - routes.data_info - INFO - MongoDB connection established successfully
2025-04-07 11:50:09,929 - routes.data_info - INFO - Total patients in database: 18159
2025-04-07 11:50:09,930 - routes.data_info - INFO - First patient data: {"_id": {"$oid": "67e803e361b01410fa27faeb"}, "medical_insurance": 1, "payment_method": 0, "Body_Mass_Index": 17.6, "hypertension": 0, "coronary_heart_disease": 1, "diabetes": 0, "transient_ischemic_attack": 0, "peripheral_arterial_disease": 0, "Postoperative_sequelae": 0, "atrial_fibrillation": 1, "hyperlipidemia": 0, "hyperhomocysteinemia": 0, "epilepsy": 0, "respiratory_tract_infection": 0, "dizziness": 0, "trauma": 0, "hemiplegia": 0, "aphasia": 0, "cognitive_disorder": 15, "Mrs_admission": 2, "NIHSS_admission": 18, "Gender": 2, "age": 49, "marital_status": 1, "occupation": 2, "critical": 0, "operation": 0, "LOS": 2}
2025-04-07 11:50:09,932 - routes.data_info - INFO - Number of model versions: 2
2025-04-07 11:50:10,657 - routes.data_info - INFO - Stats for age: {'min': 10, 'max': 99, 'count': 18159}
2025-04-07 11:50:11,442 - routes.data_info - INFO - Stats for Body_Mass_Index: {'min': 17.01, 'max': 44.52, 'count': 18159}
2025-04-07 11:50:12,160 - routes.data_info - INFO - Stats for Mrs_admission: {'min': 0, 'max': 4, 'count': 18159}
2025-04-07 11:50:12,861 - routes.data_info - INFO - Stats for NIHSS_admission: {'min': 0, 'max': 23, 'count': 18159}
2025-04-07 11:50:13,651 - routes.data_info - INFO - Stats for Gender: {'values': {'2': 8354, '1': 9805}, 'count': 18159}
2025-04-07 11:50:14,354 - routes.data_info - INFO - Stats for medical_insurance: {'values': {'1': 4531, '2': 12349, '7': 1175, '9': 68, '6': 30, '5': 5, '4': 1}, 'count': 18159}
2025-04-07 11:50:15,064 - routes.data_info - INFO - Stats for payment_method: {'values': {'0': 12360, '1': 5799}, 'count': 18159}
2025-04-07 11:50:15,065 - routes.data_info - INFO - Sending response: {'total_patients': 18159, 'model_versions': [{'version': 'model_20250407_092518', 'feature_count': 6, 'features': ['Body_Mass_Index', 'hypertension', 'diabetes', 'hyperhomocysteinemia', 'hemiplegia', 'dizziness']}, {'version': 'model_20250406_223115', 'feature_count': 5, 'features': ['age', 'Body_Mass_Index', 'Mrs_admission', 'NIHSS_admission', 'Gender']}], 'numerical_stats': {'age': {'min': 10, 'max': 99, 'count': 18159}, 'Body_Mass_Index': {'min': 17.01, 'max': 44.52, 'count': 18159}, 'Mrs_admission': {'min': 0, 'max': 4, 'count': 18159}, 'NIHSS_admission': {'min': 0, 'max': 23, 'count': 18159}}, 'categorical_stats': {'Gender': {'values': {'2': 8354, '1': 9805}, 'count': 18159}, 'medical_insurance': {'values': {'1': 4531, '2': 12349, '7': 1175, '9': 68, '6': 30, '5': 5, '4': 1}, 'count': 18159}, 'payment_method': {'values': {'0': 12360, '1': 5799}, 'count': 18159}}, 'last_updated': '2025-04-07T10:50:15.065748'}
2025-04-07 11:50:15,073 - werkzeug - INFO - 127.0.0.1 - - [07/Apr/2025 11:50:15] "GET /api/data/overview HTTP/1.1" 200 -
2025-04-07 11:50:15,390 - routes.data_info - INFO - MongoDB URI: mongodb://localhost:27017/medical_data
2025-04-07 11:50:15,391 - routes.data_info - INFO - DB Name: medical_data
2025-04-07 11:50:15,391 - routes.data_info - INFO - Collection Name: MOESM1_ESM
2025-04-07 11:50:15,391 - routes.data_info - INFO - MongoDB connection established successfully
2025-04-07 11:50:15,397 - routes.data_info - INFO - Total patients in database: 18159
2025-04-07 11:50:15,397 - routes.data_info - INFO - First patient data: {"_id": {"$oid": "67e803e361b01410fa27faeb"}, "medical_insurance": 1, "payment_method": 0, "Body_Mass_Index": 17.6, "hypertension": 0, "coronary_heart_disease": 1, "diabetes": 0, "transient_ischemic_attack": 0, "peripheral_arterial_disease": 0, "Postoperative_sequelae": 0, "atrial_fibrillation": 1, "hyperlipidemia": 0, "hyperhomocysteinemia": 0, "epilepsy": 0, "respiratory_tract_infection": 0, "dizziness": 0, "trauma": 0, "hemiplegia": 0, "aphasia": 0, "cognitive_disorder": 15, "Mrs_admission": 2, "NIHSS_admission": 18, "Gender": 2, "age": 49, "marital_status": 1, "occupation": 2, "critical": 0, "operation": 0, "LOS": 2}
2025-04-07 11:50:15,398 - routes.data_info - INFO - Number of model versions: 2
2025-04-07 11:50:16,090 - routes.data_info - INFO - Stats for age: {'min': 10, 'max': 99, 'count': 18159}
2025-04-07 11:50:16,875 - routes.data_info - INFO - Stats for Body_Mass_Index: {'min': 17.01, 'max': 44.52, 'count': 18159}
2025-04-07 11:50:17,584 - routes.data_info - INFO - Stats for Mrs_admission: {'min': 0, 'max': 4, 'count': 18159}
2025-04-07 11:50:18,293 - routes.data_info - INFO - Stats for NIHSS_admission: {'min': 0, 'max': 23, 'count': 18159}
2025-04-07 11:50:19,002 - routes.data_info - INFO - Stats for Gender: {'values': {'2': 8354, '1': 9805}, 'count': 18159}
2025-04-07 11:50:19,778 - routes.data_info - INFO - Stats for medical_insurance: {'values': {'1': 4531, '2': 12349, '7': 1175, '9': 68, '6': 30, '5': 5, '4': 1}, 'count': 18159}
2025-04-07 11:50:20,505 - routes.data_info - INFO - Stats for payment_method: {'values': {'0': 12360, '1': 5799}, 'count': 18159}
2025-04-07 11:50:20,506 - routes.data_info - INFO - Sending response: {'total_patients': 18159, 'model_versions': [{'version': 'model_20250407_092518', 'feature_count': 6, 'features': ['Body_Mass_Index', 'hypertension', 'diabetes', 'hyperhomocysteinemia', 'hemiplegia', 'dizziness']}, {'version': 'model_20250406_223115', 'feature_count': 5, 'features': ['age', 'Body_Mass_Index', 'Mrs_admission', 'NIHSS_admission', 'Gender']}], 'numerical_stats': {'age': {'min': 10, 'max': 99, 'count': 18159}, 'Body_Mass_Index': {'min': 17.01, 'max': 44.52, 'count': 18159}, 'Mrs_admission': {'min': 0, 'max': 4, 'count': 18159}, 'NIHSS_admission': {'min': 0, 'max': 23, 'count': 18159}}, 'categorical_stats': {'Gender': {'values': {'2': 8354, '1': 9805}, 'count': 18159}, 'medical_insurance': {'values': {'1': 4531, '2': 12349, '7': 1175, '9': 68, '6': 30, '5': 5, '4': 1}, 'count': 18159}, 'payment_method': {'values': {'0': 12360, '1': 5799}, 'count': 18159}}, 'last_updated': '2025-04-07T10:50:20.506218'}
2025-04-07 11:50:20,515 - werkzeug - INFO - 127.0.0.1 - - [07/Apr/2025 11:50:20] "GET /api/data/overview HTTP/1.1" 200 -
2025-04-07 11:50:20,517 - routes.data_info - INFO - MongoDB URI: mongodb://localhost:27017/medical_data
2025-04-07 11:50:20,517 - routes.data_info - INFO - DB Name: medical_data
2025-04-07 11:50:20,518 - routes.data_info - INFO - Collection Name: MOESM1_ESM
2025-04-07 11:50:20,518 - routes.data_info - INFO - MongoDB connection established successfully
2025-04-07 11:50:20,522 - routes.data_info - INFO - Total patients in database: 18159
2025-04-07 11:50:20,523 - routes.data_info - INFO - First patient data: {"_id": {"$oid": "67e803e361b01410fa27faeb"}, "medical_insurance": 1, "payment_method": 0, "Body_Mass_Index": 17.6, "hypertension": 0, "coronary_heart_disease": 1, "diabetes": 0, "transient_ischemic_attack": 0, "peripheral_arterial_disease": 0, "Postoperative_sequelae": 0, "atrial_fibrillation": 1, "hyperlipidemia": 0, "hyperhomocysteinemia": 0, "epilepsy": 0, "respiratory_tract_infection": 0, "dizziness": 0, "trauma": 0, "hemiplegia": 0, "aphasia": 0, "cognitive_disorder": 15, "Mrs_admission": 2, "NIHSS_admission": 18, "Gender": 2, "age": 49, "marital_status": 1, "occupation": 2, "critical": 0, "operation": 0, "LOS": 2}
2025-04-07 11:50:20,525 - routes.data_info - INFO - Number of model versions: 2
2025-04-07 11:50:21,190 - routes.data_info - INFO - Stats for age: {'min': 10, 'max': 99, 'count': 18159}
2025-04-07 11:50:21,975 - routes.data_info - INFO - Stats for Body_Mass_Index: {'min': 17.01, 'max': 44.52, 'count': 18159}
2025-04-07 11:50:22,665 - routes.data_info - INFO - Stats for Mrs_admission: {'min': 0, 'max': 4, 'count': 18159}
2025-04-07 11:50:23,364 - routes.data_info - INFO - Stats for NIHSS_admission: {'min': 0, 'max': 23, 'count': 18159}
2025-04-07 11:50:24,151 - routes.data_info - INFO - Stats for Gender: {'values': {'2': 8354, '1': 9805}, 'count': 18159}
2025-04-07 11:50:24,858 - routes.data_info - INFO - Stats for medical_insurance: {'values': {'1': 4531, '2': 12349, '7': 1175, '9': 68, '6': 30, '5': 5, '4': 1}, 'count': 18159}
2025-04-07 11:50:25,562 - routes.data_info - INFO - Stats for payment_method: {'values': {'0': 12360, '1': 5799}, 'count': 18159}
2025-04-07 11:50:25,562 - routes.data_info - INFO - Sending response: {'total_patients': 18159, 'model_versions': [{'version': 'model_20250407_092518', 'feature_count': 6, 'features': ['Body_Mass_Index', 'hypertension', 'diabetes', 'hyperhomocysteinemia', 'hemiplegia', 'dizziness']}, {'version': 'model_20250406_223115', 'feature_count': 5, 'features': ['age', 'Body_Mass_Index', 'Mrs_admission', 'NIHSS_admission', 'Gender']}], 'numerical_stats': {'age': {'min': 10, 'max': 99, 'count': 18159}, 'Body_Mass_Index': {'min': 17.01, 'max': 44.52, 'count': 18159}, 'Mrs_admission': {'min': 0, 'max': 4, 'count': 18159}, 'NIHSS_admission': {'min': 0, 'max': 23, 'count': 18159}}, 'categorical_stats': {'Gender': {'values': {'2': 8354, '1': 9805}, 'count': 18159}, 'medical_insurance': {'values': {'1': 4531, '2': 12349, '7': 1175, '9': 68, '6': 30, '5': 5, '4': 1}, 'count': 18159}, 'payment_method': {'values': {'0': 12360, '1': 5799}, 'count': 18159}}, 'last_updated': '2025-04-07T10:50:25.562684'}
2025-04-07 11:50:25,572 - werkzeug - INFO - 127.0.0.1 - - [07/Apr/2025 11:50:25] "GET /api/data/overview HTTP/1.1" 200 -
2025-04-07 11:50:25,888 - routes.data_info - INFO - MongoDB URI: mongodb://localhost:27017/medical_data
2025-04-07 11:50:25,888 - routes.data_info - INFO - DB Name: medical_data
2025-04-07 11:50:25,890 - routes.data_info - INFO - Collection Name: MOESM1_ESM
2025-04-07 11:50:25,890 - routes.data_info - INFO - MongoDB connection established successfully
2025-04-07 11:50:25,895 - routes.data_info - INFO - Total patients in database: 18159
2025-04-07 11:50:25,896 - routes.data_info - INFO - First patient data: {"_id": {"$oid": "67e803e361b01410fa27faeb"}, "medical_insurance": 1, "payment_method": 0, "Body_Mass_Index": 17.6, "hypertension": 0, "coronary_heart_disease": 1, "diabetes": 0, "transient_ischemic_attack": 0, "peripheral_arterial_disease": 0, "Postoperative_sequelae": 0, "atrial_fibrillation": 1, "hyperlipidemia": 0, "hyperhomocysteinemia": 0, "epilepsy": 0, "respiratory_tract_infection": 0, "dizziness": 0, "trauma": 0, "hemiplegia": 0, "aphasia": 0, "cognitive_disorder": 15, "Mrs_admission": 2, "NIHSS_admission": 18, "Gender": 2, "age": 49, "marital_status": 1, "occupation": 2, "critical": 0, "operation": 0, "LOS": 2}
2025-04-07 11:50:25,898 - routes.data_info - INFO - Number of model versions: 2
2025-04-07 11:50:26,585 - routes.data_info - INFO - Stats for age: {'min': 10, 'max': 99, 'count': 18159}
2025-04-07 11:50:27,359 - routes.data_info - INFO - Stats for Body_Mass_Index: {'min': 17.01, 'max': 44.52, 'count': 18159}
2025-04-07 11:50:28,068 - routes.data_info - INFO - Stats for Mrs_admission: {'min': 0, 'max': 4, 'count': 18159}
2025-04-07 11:50:28,789 - routes.data_info - INFO - Stats for NIHSS_admission: {'min': 0, 'max': 23, 'count': 18159}
2025-04-07 11:50:29,571 - routes.data_info - INFO - Stats for Gender: {'values': {'2': 8354, '1': 9805}, 'count': 18159}
2025-04-07 11:50:30,288 - routes.data_info - INFO - Stats for medical_insurance: {'values': {'1': 4531, '2': 12349, '7': 1175, '9': 68, '6': 30, '5': 5, '4': 1}, 'count': 18159}
2025-04-07 11:50:31,001 - routes.data_info - INFO - Stats for payment_method: {'values': {'0': 12360, '1': 5799}, 'count': 18159}
2025-04-07 11:50:31,002 - routes.data_info - INFO - Sending response: {'total_patients': 18159, 'model_versions': [{'version': 'model_20250407_092518', 'feature_count': 6, 'features': ['Body_Mass_Index', 'hypertension', 'diabetes', 'hyperhomocysteinemia', 'hemiplegia', 'dizziness']}, {'version': 'model_20250406_223115', 'feature_count': 5, 'features': ['age', 'Body_Mass_Index', 'Mrs_admission', 'NIHSS_admission', 'Gender']}], 'numerical_stats': {'age': {'min': 10, 'max': 99, 'count': 18159}, 'Body_Mass_Index': {'min': 17.01, 'max': 44.52, 'count': 18159}, 'Mrs_admission': {'min': 0, 'max': 4, 'count': 18159}, 'NIHSS_admission': {'min': 0, 'max': 23, 'count': 18159}}, 'categorical_stats': {'Gender': {'values': {'2': 8354, '1': 9805}, 'count': 18159}, 'medical_insurance': {'values': {'1': 4531, '2': 12349, '7': 1175, '9': 68, '6': 30, '5': 5, '4': 1}, 'count': 18159}, 'payment_method': {'values': {'0': 12360, '1': 5799}, 'count': 18159}}, 'last_updated': '2025-04-07T10:50:31.002385'}
2025-04-07 11:50:31,011 - werkzeug - INFO - 127.0.0.1 - - [07/Apr/2025 11:50:31] "GET /api/data/overview HTTP/1.1" 200 -
2025-04-07 11:50:31,013 - routes.data_info - INFO - MongoDB URI: mongodb://localhost:27017/medical_data
2025-04-07 11:50:31,014 - routes.data_info - INFO - DB Name: medical_data
2025-04-07 11:50:31,014 - routes.data_info - INFO - Collection Name: MOESM1_ESM
2025-04-07 11:50:31,014 - routes.data_info - INFO - MongoDB connection established successfully
2025-04-07 11:50:31,019 - routes.data_info - INFO - Total patients in database: 18159
2025-04-07 11:50:31,020 - routes.data_info - INFO - First patient data: {"_id": {"$oid": "67e803e361b01410fa27faeb"}, "medical_insurance": 1, "payment_method": 0, "Body_Mass_Index": 17.6, "hypertension": 0, "coronary_heart_disease": 1, "diabetes": 0, "transient_ischemic_attack": 0, "peripheral_arterial_disease": 0, "Postoperative_sequelae": 0, "atrial_fibrillation": 1, "hyperlipidemia": 0, "hyperhomocysteinemia": 0, "epilepsy": 0, "respiratory_tract_infection": 0, "dizziness": 0, "trauma": 0, "hemiplegia": 0, "aphasia": 0, "cognitive_disorder": 15, "Mrs_admission": 2, "NIHSS_admission": 18, "Gender": 2, "age": 49, "marital_status": 1, "occupation": 2, "critical": 0, "operation": 0, "LOS": 2}
2025-04-07 11:50:31,021 - routes.data_info - INFO - Number of model versions: 2
2025-04-07 11:50:31,716 - routes.data_info - INFO - Stats for age: {'min': 10, 'max': 99, 'count': 18159}
2025-04-07 11:50:32,497 - routes.data_info - INFO - Stats for Body_Mass_Index: {'min': 17.01, 'max': 44.52, 'count': 18159}
2025-04-07 11:50:33,239 - routes.data_info - INFO - Stats for Mrs_admission: {'min': 0, 'max': 4, 'count': 18159}
2025-04-07 11:50:33,948 - routes.data_info - INFO - Stats for NIHSS_admission: {'min': 0, 'max': 23, 'count': 18159}
2025-04-07 11:50:34,720 - routes.data_info - INFO - Stats for Gender: {'values': {'2': 8354, '1': 9805}, 'count': 18159}
2025-04-07 11:50:35,409 - routes.data_info - INFO - Stats for medical_insurance: {'values': {'1': 4531, '2': 12349, '7': 1175, '9': 68, '6': 30, '5': 5, '4': 1}, 'count': 18159}
2025-04-07 11:50:36,088 - routes.data_info - INFO - Stats for payment_method: {'values': {'0': 12360, '1': 5799}, 'count': 18159}
2025-04-07 11:50:36,089 - routes.data_info - INFO - Sending response: {'total_patients': 18159, 'model_versions': [{'version': 'model_20250407_092518', 'feature_count': 6, 'features': ['Body_Mass_Index', 'hypertension', 'diabetes', 'hyperhomocysteinemia', 'hemiplegia', 'dizziness']}, {'version': 'model_20250406_223115', 'feature_count': 5, 'features': ['age', 'Body_Mass_Index', 'Mrs_admission', 'NIHSS_admission', 'Gender']}], 'numerical_stats': {'age': {'min': 10, 'max': 99, 'count': 18159}, 'Body_Mass_Index': {'min': 17.01, 'max': 44.52, 'count': 18159}, 'Mrs_admission': {'min': 0, 'max': 4, 'count': 18159}, 'NIHSS_admission': {'min': 0, 'max': 23, 'count': 18159}}, 'categorical_stats': {'Gender': {'values': {'2': 8354, '1': 9805}, 'count': 18159}, 'medical_insurance': {'values': {'1': 4531, '2': 12349, '7': 1175, '9': 68, '6': 30, '5': 5, '4': 1}, 'count': 18159}, 'payment_method': {'values': {'0': 12360, '1': 5799}, 'count': 18159}}, 'last_updated': '2025-04-07T10:50:36.089593'}
2025-04-07 11:50:36,097 - werkzeug - INFO - 127.0.0.1 - - [07/Apr/2025 11:50:36] "GET /api/data/overview HTTP/1.1" 200 -
2025-04-07 11:50:36,416 - routes.data_info - INFO - MongoDB URI: mongodb://localhost:27017/medical_data
2025-04-07 11:50:36,416 - routes.data_info - INFO - DB Name: medical_data
2025-04-07 11:50:36,417 - routes.data_info - INFO - Collection Name: MOESM1_ESM
2025-04-07 11:50:36,417 - routes.data_info - INFO - MongoDB connection established successfully
2025-04-07 11:50:36,421 - routes.data_info - INFO - Total patients in database: 18159
2025-04-07 11:50:36,422 - routes.data_info - INFO - First patient data: {"_id": {"$oid": "67e803e361b01410fa27faeb"}, "medical_insurance": 1, "payment_method": 0, "Body_Mass_Index": 17.6, "hypertension": 0, "coronary_heart_disease": 1, "diabetes": 0, "transient_ischemic_attack": 0, "peripheral_arterial_disease": 0, "Postoperative_sequelae": 0, "atrial_fibrillation": 1, "hyperlipidemia": 0, "hyperhomocysteinemia": 0, "epilepsy": 0, "respiratory_tract_infection": 0, "dizziness": 0, "trauma": 0, "hemiplegia": 0, "aphasia": 0, "cognitive_disorder": 15, "Mrs_admission": 2, "NIHSS_admission": 18, "Gender": 2, "age": 49, "marital_status": 1, "occupation": 2, "critical": 0, "operation": 0, "LOS": 2}
2025-04-07 11:50:36,424 - routes.data_info - INFO - Number of model versions: 2
2025-04-07 11:50:37,122 - routes.data_info - INFO - Stats for age: {'min': 10, 'max': 99, 'count': 18159}
2025-04-07 11:50:37,903 - routes.data_info - INFO - Stats for Body_Mass_Index: {'min': 17.01, 'max': 44.52, 'count': 18159}
2025-04-07 11:50:38,624 - routes.data_info - INFO - Stats for Mrs_admission: {'min': 0, 'max': 4, 'count': 18159}
2025-04-07 11:50:39,329 - routes.data_info - INFO - Stats for NIHSS_admission: {'min': 0, 'max': 23, 'count': 18159}
2025-04-07 11:50:40,118 - routes.data_info - INFO - Stats for Gender: {'values': {'2': 8354, '1': 9805}, 'count': 18159}
2025-04-07 11:50:40,819 - routes.data_info - INFO - Stats for medical_insurance: {'values': {'1': 4531, '2': 12349, '7': 1175, '9': 68, '6': 30, '5': 5, '4': 1}, 'count': 18159}
2025-04-07 11:50:41,511 - routes.data_info - INFO - Stats for payment_method: {'values': {'0': 12360, '1': 5799}, 'count': 18159}
2025-04-07 11:50:41,512 - routes.data_info - INFO - Sending response: {'total_patients': 18159, 'model_versions': [{'version': 'model_20250407_092518', 'feature_count': 6, 'features': ['Body_Mass_Index', 'hypertension', 'diabetes', 'hyperhomocysteinemia', 'hemiplegia', 'dizziness']}, {'version': 'model_20250406_223115', 'feature_count': 5, 'features': ['age', 'Body_Mass_Index', 'Mrs_admission', 'NIHSS_admission', 'Gender']}], 'numerical_stats': {'age': {'min': 10, 'max': 99, 'count': 18159}, 'Body_Mass_Index': {'min': 17.01, 'max': 44.52, 'count': 18159}, 'Mrs_admission': {'min': 0, 'max': 4, 'count': 18159}, 'NIHSS_admission': {'min': 0, 'max': 23, 'count': 18159}}, 'categorical_stats': {'Gender': {'values': {'2': 8354, '1': 9805}, 'count': 18159}, 'medical_insurance': {'values': {'1': 4531, '2': 12349, '7': 1175, '9': 68, '6': 30, '5': 5, '4': 1}, 'count': 18159}, 'payment_method': {'values': {'0': 12360, '1': 5799}, 'count': 18159}}, 'last_updated': '2025-04-07T10:50:41.512141'}
2025-04-07 11:50:41,520 - werkzeug - INFO - 127.0.0.1 - - [07/Apr/2025 11:50:41] "GET /api/data/overview HTTP/1.1" 200 -
2025-04-07 11:50:41,522 - routes.data_info - INFO - MongoDB URI: mongodb://localhost:27017/medical_data
2025-04-07 11:50:41,523 - routes.data_info - INFO - DB Name: medical_data
2025-04-07 11:50:41,523 - routes.data_info - INFO - Collection Name: MOESM1_ESM
2025-04-07 11:50:41,524 - routes.data_info - INFO - MongoDB connection established successfully
2025-04-07 11:50:41,528 - routes.data_info - INFO - Total patients in database: 18159
2025-04-07 11:50:41,530 - routes.data_info - INFO - First patient data: {"_id": {"$oid": "67e803e361b01410fa27faeb"}, "medical_insurance": 1, "payment_method": 0, "Body_Mass_Index": 17.6, "hypertension": 0, "coronary_heart_disease": 1, "diabetes": 0, "transient_ischemic_attack": 0, "peripheral_arterial_disease": 0, "Postoperative_sequelae": 0, "atrial_fibrillation": 1, "hyperlipidemia": 0, "hyperhomocysteinemia": 0, "epilepsy": 0, "respiratory_tract_infection": 0, "dizziness": 0, "trauma": 0, "hemiplegia": 0, "aphasia": 0, "cognitive_disorder": 15, "Mrs_admission": 2, "NIHSS_admission": 18, "Gender": 2, "age": 49, "marital_status": 1, "occupation": 2, "critical": 0, "operation": 0, "LOS": 2}
2025-04-07 11:50:41,531 - routes.data_info - INFO - Number of model versions: 2
2025-04-07 11:50:42,191 - routes.data_info - INFO - Stats for age: {'min': 10, 'max': 99, 'count': 18159}
2025-04-07 11:50:42,947 - routes.data_info - INFO - Stats for Body_Mass_Index: {'min': 17.01, 'max': 44.52, 'count': 18159}
2025-04-07 11:50:43,647 - routes.data_info - INFO - Stats for Mrs_admission: {'min': 0, 'max': 4, 'count': 18159}
2025-04-07 11:50:44,340 - routes.data_info - INFO - Stats for NIHSS_admission: {'min': 0, 'max': 23, 'count': 18159}
2025-04-07 11:50:45,095 - routes.data_info - INFO - Stats for Gender: {'values': {'2': 8354, '1': 9805}, 'count': 18159}
2025-04-07 11:50:45,828 - routes.data_info - INFO - Stats for medical_insurance: {'values': {'1': 4531, '2': 12349, '7': 1175, '9': 68, '6': 30, '5': 5, '4': 1}, 'count': 18159}
2025-04-07 11:50:46,551 - routes.data_info - INFO - Stats for payment_method: {'values': {'0': 12360, '1': 5799}, 'count': 18159}
2025-04-07 11:50:46,552 - routes.data_info - INFO - Sending response: {'total_patients': 18159, 'model_versions': [{'version': 'model_20250407_092518', 'feature_count': 6, 'features': ['Body_Mass_Index', 'hypertension', 'diabetes', 'hyperhomocysteinemia', 'hemiplegia', 'dizziness']}, {'version': 'model_20250406_223115', 'feature_count': 5, 'features': ['age', 'Body_Mass_Index', 'Mrs_admission', 'NIHSS_admission', 'Gender']}], 'numerical_stats': {'age': {'min': 10, 'max': 99, 'count': 18159}, 'Body_Mass_Index': {'min': 17.01, 'max': 44.52, 'count': 18159}, 'Mrs_admission': {'min': 0, 'max': 4, 'count': 18159}, 'NIHSS_admission': {'min': 0, 'max': 23, 'count': 18159}}, 'categorical_stats': {'Gender': {'values': {'2': 8354, '1': 9805}, 'count': 18159}, 'medical_insurance': {'values': {'1': 4531, '2': 12349, '7': 1175, '9': 68, '6': 30, '5': 5, '4': 1}, 'count': 18159}, 'payment_method': {'values': {'0': 12360, '1': 5799}, 'count': 18159}}, 'last_updated': '2025-04-07T10:50:46.552906'}
2025-04-07 11:50:46,561 - werkzeug - INFO - 127.0.0.1 - - [07/Apr/2025 11:50:46] "GET /api/data/overview HTTP/1.1" 200 -
2025-04-07 11:50:46,865 - routes.data_info - INFO - MongoDB URI: mongodb://localhost:27017/medical_data
2025-04-07 11:50:46,866 - routes.data_info - INFO - DB Name: medical_data
2025-04-07 11:50:46,866 - routes.data_info - INFO - Collection Name: MOESM1_ESM
2025-04-07 11:50:46,866 - routes.data_info - INFO - MongoDB connection established successfully
2025-04-07 11:50:46,871 - routes.data_info - INFO - Total patients in database: 18159
2025-04-07 11:50:46,872 - routes.data_info - INFO - First patient data: {"_id": {"$oid": "67e803e361b01410fa27faeb"}, "medical_insurance": 1, "payment_method": 0, "Body_Mass_Index": 17.6, "hypertension": 0, "coronary_heart_disease": 1, "diabetes": 0, "transient_ischemic_attack": 0, "peripheral_arterial_disease": 0, "Postoperative_sequelae": 0, "atrial_fibrillation": 1, "hyperlipidemia": 0, "hyperhomocysteinemia": 0, "epilepsy": 0, "respiratory_tract_infection": 0, "dizziness": 0, "trauma": 0, "hemiplegia": 0, "aphasia": 0, "cognitive_disorder": 15, "Mrs_admission": 2, "NIHSS_admission": 18, "Gender": 2, "age": 49, "marital_status": 1, "occupation": 2, "critical": 0, "operation": 0, "LOS": 2}
2025-04-07 11:50:46,873 - routes.data_info - INFO - Number of model versions: 2
2025-04-07 11:50:47,561 - routes.data_info - INFO - Stats for age: {'min': 10, 'max': 99, 'count': 18159}
2025-04-07 11:50:48,340 - routes.data_info - INFO - Stats for Body_Mass_Index: {'min': 17.01, 'max': 44.52, 'count': 18159}
2025-04-07 11:50:49,047 - routes.data_info - INFO - Stats for Mrs_admission: {'min': 0, 'max': 4, 'count': 18159}
2025-04-07 11:50:49,753 - routes.data_info - INFO - Stats for NIHSS_admission: {'min': 0, 'max': 23, 'count': 18159}
2025-04-07 11:50:50,549 - routes.data_info - INFO - Stats for Gender: {'values': {'2': 8354, '1': 9805}, 'count': 18159}
2025-04-07 11:50:51,260 - routes.data_info - INFO - Stats for medical_insurance: {'values': {'1': 4531, '2': 12349, '7': 1175, '9': 68, '6': 30, '5': 5, '4': 1}, 'count': 18159}
2025-04-07 11:50:51,963 - routes.data_info - INFO - Stats for payment_method: {'values': {'0': 12360, '1': 5799}, 'count': 18159}
2025-04-07 11:50:51,963 - routes.data_info - INFO - Sending response: {'total_patients': 18159, 'model_versions': [{'version': 'model_20250407_092518', 'feature_count': 6, 'features': ['Body_Mass_Index', 'hypertension', 'diabetes', 'hyperhomocysteinemia', 'hemiplegia', 'dizziness']}, {'version': 'model_20250406_223115', 'feature_count': 5, 'features': ['age', 'Body_Mass_Index', 'Mrs_admission', 'NIHSS_admission', 'Gender']}], 'numerical_stats': {'age': {'min': 10, 'max': 99, 'count': 18159}, 'Body_Mass_Index': {'min': 17.01, 'max': 44.52, 'count': 18159}, 'Mrs_admission': {'min': 0, 'max': 4, 'count': 18159}, 'NIHSS_admission': {'min': 0, 'max': 23, 'count': 18159}}, 'categorical_stats': {'Gender': {'values': {'2': 8354, '1': 9805}, 'count': 18159}, 'medical_insurance': {'values': {'1': 4531, '2': 12349, '7': 1175, '9': 68, '6': 30, '5': 5, '4': 1}, 'count': 18159}, 'payment_method': {'values': {'0': 12360, '1': 5799}, 'count': 18159}}, 'last_updated': '2025-04-07T10:50:51.963677'}
2025-04-07 11:50:51,973 - werkzeug - INFO - 127.0.0.1 - - [07/Apr/2025 11:50:51] "GET /api/data/overview HTTP/1.1" 200 -
2025-04-07 11:50:51,975 - routes.data_info - INFO - MongoDB URI: mongodb://localhost:27017/medical_data
2025-04-07 11:50:51,975 - routes.data_info - INFO - DB Name: medical_data
2025-04-07 11:50:51,975 - routes.data_info - INFO - Collection Name: MOESM1_ESM
2025-04-07 11:50:51,976 - routes.data_info - INFO - MongoDB connection established successfully
2025-04-07 11:50:51,980 - routes.data_info - INFO - Total patients in database: 18159
2025-04-07 11:50:51,981 - routes.data_info - INFO - First patient data: {"_id": {"$oid": "67e803e361b01410fa27faeb"}, "medical_insurance": 1, "payment_method": 0, "Body_Mass_Index": 17.6, "hypertension": 0, "coronary_heart_disease": 1, "diabetes": 0, "transient_ischemic_attack": 0, "peripheral_arterial_disease": 0, "Postoperative_sequelae": 0, "atrial_fibrillation": 1, "hyperlipidemia": 0, "hyperhomocysteinemia": 0, "epilepsy": 0, "respiratory_tract_infection": 0, "dizziness": 0, "trauma": 0, "hemiplegia": 0, "aphasia": 0, "cognitive_disorder": 15, "Mrs_admission": 2, "NIHSS_admission": 18, "Gender": 2, "age": 49, "marital_status": 1, "occupation": 2, "critical": 0, "operation": 0, "LOS": 2}
2025-04-07 11:50:51,982 - routes.data_info - INFO - Number of model versions: 2
2025-04-07 11:50:52,687 - routes.data_info - INFO - Stats for age: {'min': 10, 'max': 99, 'count': 18159}
2025-04-07 11:50:53,488 - routes.data_info - INFO - Stats for Body_Mass_Index: {'min': 17.01, 'max': 44.52, 'count': 18159}
2025-04-07 11:50:54,211 - routes.data_info - INFO - Stats for Mrs_admission: {'min': 0, 'max': 4, 'count': 18159}
2025-04-07 11:50:54,931 - routes.data_info - INFO - Stats for NIHSS_admission: {'min': 0, 'max': 23, 'count': 18159}
2025-04-07 11:50:55,713 - routes.data_info - INFO - Stats for Gender: {'values': {'2': 8354, '1': 9805}, 'count': 18159}
2025-04-07 11:50:56,410 - routes.data_info - INFO - Stats for medical_insurance: {'values': {'1': 4531, '2': 12349, '7': 1175, '9': 68, '6': 30, '5': 5, '4': 1}, 'count': 18159}
2025-04-07 11:50:57,112 - routes.data_info - INFO - Stats for payment_method: {'values': {'0': 12360, '1': 5799}, 'count': 18159}
2025-04-07 11:50:57,113 - routes.data_info - INFO - Sending response: {'total_patients': 18159, 'model_versions': [{'version': 'model_20250407_092518', 'feature_count': 6, 'features': ['Body_Mass_Index', 'hypertension', 'diabetes', 'hyperhomocysteinemia', 'hemiplegia', 'dizziness']}, {'version': 'model_20250406_223115', 'feature_count': 5, 'features': ['age', 'Body_Mass_Index', 'Mrs_admission', 'NIHSS_admission', 'Gender']}], 'numerical_stats': {'age': {'min': 10, 'max': 99, 'count': 18159}, 'Body_Mass_Index': {'min': 17.01, 'max': 44.52, 'count': 18159}, 'Mrs_admission': {'min': 0, 'max': 4, 'count': 18159}, 'NIHSS_admission': {'min': 0, 'max': 23, 'count': 18159}}, 'categorical_stats': {'Gender': {'values': {'2': 8354, '1': 9805}, 'count': 18159}, 'medical_insurance': {'values': {'1': 4531, '2': 12349, '7': 1175, '9': 68, '6': 30, '5': 5, '4': 1}, 'count': 18159}, 'payment_method': {'values': {'0': 12360, '1': 5799}, 'count': 18159}}, 'last_updated': '2025-04-07T10:50:57.113700'}
2025-04-07 11:50:57,123 - werkzeug - INFO - 127.0.0.1 - - [07/Apr/2025 11:50:57] "GET /api/data/overview HTTP/1.1" 200 -
2025-04-07 11:51:54,801 - werkzeug - INFO - 127.0.0.1 - - [07/Apr/2025 11:51:54] "GET /api/data/models HTTP/1.1" 200 -
2025-04-07 11:51:55,226 - routes.data_info - INFO - MongoDB URI: mongodb://localhost:27017/medical_data
2025-04-07 11:51:55,226 - routes.data_info - INFO - DB Name: medical_data
2025-04-07 11:51:55,227 - routes.data_info - INFO - Collection Name: MOESM1_ESM
2025-04-07 11:51:55,227 - routes.data_info - INFO - MongoDB connection established successfully
2025-04-07 11:51:55,233 - routes.data_info - INFO - Total patients in database: 18159
2025-04-07 11:51:55,233 - routes.data_info - INFO - First patient data: {"_id": {"$oid": "67e803e361b01410fa27faeb"}, "medical_insurance": 1, "payment_method": 0, "Body_Mass_Index": 17.6, "hypertension": 0, "coronary_heart_disease": 1, "diabetes": 0, "transient_ischemic_attack": 0, "peripheral_arterial_disease": 0, "Postoperative_sequelae": 0, "atrial_fibrillation": 1, "hyperlipidemia": 0, "hyperhomocysteinemia": 0, "epilepsy": 0, "respiratory_tract_infection": 0, "dizziness": 0, "trauma": 0, "hemiplegia": 0, "aphasia": 0, "cognitive_disorder": 15, "Mrs_admission": 2, "NIHSS_admission": 18, "Gender": 2, "age": 49, "marital_status": 1, "occupation": 2, "critical": 0, "operation": 0, "LOS": 2}
2025-04-07 11:51:55,235 - routes.data_info - INFO - Number of model versions: 2
2025-04-07 11:51:55,952 - routes.data_info - INFO - Stats for age: {'min': 10, 'max': 99, 'count': 18159}
2025-04-07 11:51:56,735 - routes.data_info - INFO - Stats for Body_Mass_Index: {'min': 17.01, 'max': 44.52, 'count': 18159}
2025-04-07 11:51:57,624 - routes.data_info - INFO - Stats for Mrs_admission: {'min': 0, 'max': 4, 'count': 18159}
2025-04-07 11:51:58,733 - routes.data_info - INFO - Stats for NIHSS_admission: {'min': 0, 'max': 23, 'count': 18159}
2025-04-07 11:51:59,736 - routes.data_info - INFO - Stats for Gender: {'values': {'2': 8354, '1': 9805}, 'count': 18159}
2025-04-07 11:52:00,884 - routes.data_info - INFO - Stats for medical_insurance: {'values': {'1': 4531, '2': 12349, '7': 1175, '9': 68, '6': 30, '5': 5, '4': 1}, 'count': 18159}
2025-04-07 11:52:01,941 - routes.data_info - INFO - Stats for payment_method: {'values': {'0': 12360, '1': 5799}, 'count': 18159}
2025-04-07 11:52:01,942 - routes.data_info - INFO - Sending response: {'total_patients': 18159, 'model_versions': [{'version': 'model_20250407_092518', 'feature_count': 6, 'features': ['Body_Mass_Index', 'hypertension', 'diabetes', 'hyperhomocysteinemia', 'hemiplegia', 'dizziness']}, {'version': 'model_20250406_223115', 'feature_count': 5, 'features': ['age', 'Body_Mass_Index', 'Mrs_admission', 'NIHSS_admission', 'Gender']}], 'numerical_stats': {'age': {'min': 10, 'max': 99, 'count': 18159}, 'Body_Mass_Index': {'min': 17.01, 'max': 44.52, 'count': 18159}, 'Mrs_admission': {'min': 0, 'max': 4, 'count': 18159}, 'NIHSS_admission': {'min': 0, 'max': 23, 'count': 18159}}, 'categorical_stats': {'Gender': {'values': {'2': 8354, '1': 9805}, 'count': 18159}, 'medical_insurance': {'values': {'1': 4531, '2': 12349, '7': 1175, '9': 68, '6': 30, '5': 5, '4': 1}, 'count': 18159}, 'payment_method': {'values': {'0': 12360, '1': 5799}, 'count': 18159}}, 'last_updated': '2025-04-07T10:52:01.941808'}
2025-04-07 11:52:01,953 - werkzeug - INFO - 127.0.0.1 - - [07/Apr/2025 11:52:01] "GET /api/data/overview HTTP/1.1" 200 -
2025-04-07 11:53:02,244 - routes.data_info - INFO - MongoDB URI: mongodb://localhost:27017/medical_data
2025-04-07 11:53:02,244 - routes.data_info - INFO - DB Name: medical_data
2025-04-07 11:53:02,245 - routes.data_info - INFO - Collection Name: MOESM1_ESM
2025-04-07 11:53:02,245 - routes.data_info - INFO - MongoDB connection established successfully
2025-04-07 11:53:02,249 - routes.data_info - INFO - Total patients in database: 18159
2025-04-07 11:53:02,250 - routes.data_info - INFO - First patient data: {"_id": {"$oid": "67e803e361b01410fa27faeb"}, "medical_insurance": 1, "payment_method": 0, "Body_Mass_Index": 17.6, "hypertension": 0, "coronary_heart_disease": 1, "diabetes": 0, "transient_ischemic_attack": 0, "peripheral_arterial_disease": 0, "Postoperative_sequelae": 0, "atrial_fibrillation": 1, "hyperlipidemia": 0, "hyperhomocysteinemia": 0, "epilepsy": 0, "respiratory_tract_infection": 0, "dizziness": 0, "trauma": 0, "hemiplegia": 0, "aphasia": 0, "cognitive_disorder": 15, "Mrs_admission": 2, "NIHSS_admission": 18, "Gender": 2, "age": 49, "marital_status": 1, "occupation": 2, "critical": 0, "operation": 0, "LOS": 2}
2025-04-07 11:53:02,251 - routes.data_info - INFO - Number of model versions: 2
2025-04-07 11:53:02,947 - routes.data_info - INFO - Stats for age: {'min': 10, 'max': 99, 'count': 18159}
2025-04-07 11:53:03,745 - routes.data_info - INFO - Stats for Body_Mass_Index: {'min': 17.01, 'max': 44.52, 'count': 18159}
2025-04-07 11:53:04,445 - routes.data_info - INFO - Stats for Mrs_admission: {'min': 0, 'max': 4, 'count': 18159}
2025-04-07 11:53:05,172 - routes.data_info - INFO - Stats for NIHSS_admission: {'min': 0, 'max': 23, 'count': 18159}
2025-04-07 11:53:05,988 - routes.data_info - INFO - Stats for Gender: {'values': {'2': 8354, '1': 9805}, 'count': 18159}
2025-04-07 11:53:06,708 - routes.data_info - INFO - Stats for medical_insurance: {'values': {'1': 4531, '2': 12349, '7': 1175, '9': 68, '6': 30, '5': 5, '4': 1}, 'count': 18159}
2025-04-07 11:53:07,421 - routes.data_info - INFO - Stats for payment_method: {'values': {'0': 12360, '1': 5799}, 'count': 18159}
2025-04-07 11:53:07,421 - routes.data_info - INFO - Sending response: {'total_patients': 18159, 'model_versions': [{'version': 'model_20250407_092518', 'feature_count': 6, 'features': ['Body_Mass_Index', 'hypertension', 'diabetes', 'hyperhomocysteinemia', 'hemiplegia', 'dizziness']}, {'version': 'model_20250406_223115', 'feature_count': 5, 'features': ['age', 'Body_Mass_Index', 'Mrs_admission', 'NIHSS_admission', 'Gender']}], 'numerical_stats': {'age': {'min': 10, 'max': 99, 'count': 18159}, 'Body_Mass_Index': {'min': 17.01, 'max': 44.52, 'count': 18159}, 'Mrs_admission': {'min': 0, 'max': 4, 'count': 18159}, 'NIHSS_admission': {'min': 0, 'max': 23, 'count': 18159}}, 'categorical_stats': {'Gender': {'values': {'2': 8354, '1': 9805}, 'count': 18159}, 'medical_insurance': {'values': {'1': 4531, '2': 12349, '7': 1175, '9': 68, '6': 30, '5': 5, '4': 1}, 'count': 18159}, 'payment_method': {'values': {'0': 12360, '1': 5799}, 'count': 18159}}, 'last_updated': '2025-04-07T10:53:07.421583'}
2025-04-07 11:53:07,430 - werkzeug - INFO - 127.0.0.1 - - [07/Apr/2025 11:53:07] "GET /api/data/overview HTTP/1.1" 200 -
2025-04-07 11:53:07,433 - routes.data_info - INFO - MongoDB URI: mongodb://localhost:27017/medical_data
2025-04-07 11:53:07,434 - routes.data_info - INFO - DB Name: medical_data
2025-04-07 11:53:07,434 - routes.data_info - INFO - Collection Name: MOESM1_ESM
2025-04-07 11:53:07,434 - routes.data_info - INFO - MongoDB connection established successfully
2025-04-07 11:53:07,438 - routes.data_info - INFO - Total patients in database: 18159
2025-04-07 11:53:07,439 - routes.data_info - INFO - First patient data: {"_id": {"$oid": "67e803e361b01410fa27faeb"}, "medical_insurance": 1, "payment_method": 0, "Body_Mass_Index": 17.6, "hypertension": 0, "coronary_heart_disease": 1, "diabetes": 0, "transient_ischemic_attack": 0, "peripheral_arterial_disease": 0, "Postoperative_sequelae": 0, "atrial_fibrillation": 1, "hyperlipidemia": 0, "hyperhomocysteinemia": 0, "epilepsy": 0, "respiratory_tract_infection": 0, "dizziness": 0, "trauma": 0, "hemiplegia": 0, "aphasia": 0, "cognitive_disorder": 15, "Mrs_admission": 2, "NIHSS_admission": 18, "Gender": 2, "age": 49, "marital_status": 1, "occupation": 2, "critical": 0, "operation": 0, "LOS": 2}
2025-04-07 11:53:07,440 - routes.data_info - INFO - Number of model versions: 2
2025-04-07 11:53:08,181 - routes.data_info - INFO - Stats for age: {'min': 10, 'max': 99, 'count': 18159}
2025-04-07 11:53:08,977 - routes.data_info - INFO - Stats for Body_Mass_Index: {'min': 17.01, 'max': 44.52, 'count': 18159}
2025-04-07 11:53:09,702 - routes.data_info - INFO - Stats for Mrs_admission: {'min': 0, 'max': 4, 'count': 18159}
2025-04-07 11:53:10,429 - routes.data_info - INFO - Stats for NIHSS_admission: {'min': 0, 'max': 23, 'count': 18159}
2025-04-07 11:53:11,206 - routes.data_info - INFO - Stats for Gender: {'values': {'2': 8354, '1': 9805}, 'count': 18159}
2025-04-07 11:53:11,911 - routes.data_info - INFO - Stats for medical_insurance: {'values': {'1': 4531, '2': 12349, '7': 1175, '9': 68, '6': 30, '5': 5, '4': 1}, 'count': 18159}
2025-04-07 11:53:12,615 - routes.data_info - INFO - Stats for payment_method: {'values': {'0': 12360, '1': 5799}, 'count': 18159}
2025-04-07 11:53:12,615 - routes.data_info - INFO - Sending response: {'total_patients': 18159, 'model_versions': [{'version': 'model_20250407_092518', 'feature_count': 6, 'features': ['Body_Mass_Index', 'hypertension', 'diabetes', 'hyperhomocysteinemia', 'hemiplegia', 'dizziness']}, {'version': 'model_20250406_223115', 'feature_count': 5, 'features': ['age', 'Body_Mass_Index', 'Mrs_admission', 'NIHSS_admission', 'Gender']}], 'numerical_stats': {'age': {'min': 10, 'max': 99, 'count': 18159}, 'Body_Mass_Index': {'min': 17.01, 'max': 44.52, 'count': 18159}, 'Mrs_admission': {'min': 0, 'max': 4, 'count': 18159}, 'NIHSS_admission': {'min': 0, 'max': 23, 'count': 18159}}, 'categorical_stats': {'Gender': {'values': {'2': 8354, '1': 9805}, 'count': 18159}, 'medical_insurance': {'values': {'1': 4531, '2': 12349, '7': 1175, '9': 68, '6': 30, '5': 5, '4': 1}, 'count': 18159}, 'payment_method': {'values': {'0': 12360, '1': 5799}, 'count': 18159}}, 'last_updated': '2025-04-07T10:53:12.615544'}
2025-04-07 11:53:12,623 - werkzeug - INFO - 127.0.0.1 - - [07/Apr/2025 11:53:12] "GET /api/data/overview HTTP/1.1" 200 -
2025-04-07 11:53:12,940 - routes.data_info - INFO - MongoDB URI: mongodb://localhost:27017/medical_data
2025-04-07 11:53:12,941 - routes.data_info - INFO - DB Name: medical_data
2025-04-07 11:53:12,941 - routes.data_info - INFO - Collection Name: MOESM1_ESM
2025-04-07 11:53:12,942 - routes.data_info - INFO - MongoDB connection established successfully
2025-04-07 11:53:12,946 - routes.data_info - INFO - Total patients in database: 18159
2025-04-07 11:53:12,947 - routes.data_info - INFO - First patient data: {"_id": {"$oid": "67e803e361b01410fa27faeb"}, "medical_insurance": 1, "payment_method": 0, "Body_Mass_Index": 17.6, "hypertension": 0, "coronary_heart_disease": 1, "diabetes": 0, "transient_ischemic_attack": 0, "peripheral_arterial_disease": 0, "Postoperative_sequelae": 0, "atrial_fibrillation": 1, "hyperlipidemia": 0, "hyperhomocysteinemia": 0, "epilepsy": 0, "respiratory_tract_infection": 0, "dizziness": 0, "trauma": 0, "hemiplegia": 0, "aphasia": 0, "cognitive_disorder": 15, "Mrs_admission": 2, "NIHSS_admission": 18, "Gender": 2, "age": 49, "marital_status": 1, "occupation": 2, "critical": 0, "operation": 0, "LOS": 2}
2025-04-07 11:53:12,949 - routes.data_info - INFO - Number of model versions: 2
2025-04-07 11:53:13,637 - routes.data_info - INFO - Stats for age: {'min': 10, 'max': 99, 'count': 18159}
2025-04-07 11:53:14,418 - routes.data_info - INFO - Stats for Body_Mass_Index: {'min': 17.01, 'max': 44.52, 'count': 18159}
2025-04-07 11:53:15,135 - routes.data_info - INFO - Stats for Mrs_admission: {'min': 0, 'max': 4, 'count': 18159}
2025-04-07 11:53:15,837 - routes.data_info - INFO - Stats for NIHSS_admission: {'min': 0, 'max': 23, 'count': 18159}
2025-04-07 11:53:16,619 - routes.data_info - INFO - Stats for Gender: {'values': {'2': 8354, '1': 9805}, 'count': 18159}
2025-04-07 11:53:17,321 - routes.data_info - INFO - Stats for medical_insurance: {'values': {'1': 4531, '2': 12349, '7': 1175, '9': 68, '6': 30, '5': 5, '4': 1}, 'count': 18159}
2025-04-07 11:53:18,022 - routes.data_info - INFO - Stats for payment_method: {'values': {'0': 12360, '1': 5799}, 'count': 18159}
2025-04-07 11:53:18,022 - routes.data_info - INFO - Sending response: {'total_patients': 18159, 'model_versions': [{'version': 'model_20250407_092518', 'feature_count': 6, 'features': ['Body_Mass_Index', 'hypertension', 'diabetes', 'hyperhomocysteinemia', 'hemiplegia', 'dizziness']}, {'version': 'model_20250406_223115', 'feature_count': 5, 'features': ['age', 'Body_Mass_Index', 'Mrs_admission', 'NIHSS_admission', 'Gender']}], 'numerical_stats': {'age': {'min': 10, 'max': 99, 'count': 18159}, 'Body_Mass_Index': {'min': 17.01, 'max': 44.52, 'count': 18159}, 'Mrs_admission': {'min': 0, 'max': 4, 'count': 18159}, 'NIHSS_admission': {'min': 0, 'max': 23, 'count': 18159}}, 'categorical_stats': {'Gender': {'values': {'2': 8354, '1': 9805}, 'count': 18159}, 'medical_insurance': {'values': {'1': 4531, '2': 12349, '7': 1175, '9': 68, '6': 30, '5': 5, '4': 1}, 'count': 18159}, 'payment_method': {'values': {'0': 12360, '1': 5799}, 'count': 18159}}, 'last_updated': '2025-04-07T10:53:18.022225'}
2025-04-07 11:53:18,031 - werkzeug - INFO - 127.0.0.1 - - [07/Apr/2025 11:53:18] "GET /api/data/overview HTTP/1.1" 200 -
2025-04-07 11:53:28,935 - routes.data_info - INFO - MongoDB URI: mongodb://localhost:27017/medical_data
2025-04-07 11:53:28,935 - routes.data_info - INFO - DB Name: medical_data
2025-04-07 11:53:28,936 - routes.data_info - INFO - Collection Name: MOESM1_ESM
2025-04-07 11:53:28,936 - routes.data_info - INFO - MongoDB connection established successfully
2025-04-07 11:53:28,940 - routes.data_info - INFO - Total patients in database: 18159
2025-04-07 11:53:28,942 - routes.data_info - INFO - First patient data: {"_id": {"$oid": "67e803e361b01410fa27faeb"}, "medical_insurance": 1, "payment_method": 0, "Body_Mass_Index": 17.6, "hypertension": 0, "coronary_heart_disease": 1, "diabetes": 0, "transient_ischemic_attack": 0, "peripheral_arterial_disease": 0, "Postoperative_sequelae": 0, "atrial_fibrillation": 1, "hyperlipidemia": 0, "hyperhomocysteinemia": 0, "epilepsy": 0, "respiratory_tract_infection": 0, "dizziness": 0, "trauma": 0, "hemiplegia": 0, "aphasia": 0, "cognitive_disorder": 15, "Mrs_admission": 2, "NIHSS_admission": 18, "Gender": 2, "age": 49, "marital_status": 1, "occupation": 2, "critical": 0, "operation": 0, "LOS": 2}
2025-04-07 11:53:28,944 - routes.data_info - INFO - Number of model versions: 2
2025-04-07 11:53:29,668 - routes.data_info - INFO - Stats for age: {'min': 10, 'max': 99, 'count': 18159}
2025-04-07 11:53:30,469 - routes.data_info - INFO - Stats for Body_Mass_Index: {'min': 17.01, 'max': 44.52, 'count': 18159}
2025-04-07 11:53:31,194 - routes.data_info - INFO - Stats for Mrs_admission: {'min': 0, 'max': 4, 'count': 18159}
2025-04-07 11:53:31,950 - routes.data_info - INFO - Stats for NIHSS_admission: {'min': 0, 'max': 23, 'count': 18159}
2025-04-07 11:53:32,746 - routes.data_info - INFO - Stats for Gender: {'values': {'2': 8354, '1': 9805}, 'count': 18159}
2025-04-07 11:53:33,455 - routes.data_info - INFO - Stats for medical_insurance: {'values': {'1': 4531, '2': 12349, '7': 1175, '9': 68, '6': 30, '5': 5, '4': 1}, 'count': 18159}
2025-04-07 11:53:34,200 - routes.data_info - INFO - Stats for payment_method: {'values': {'0': 12360, '1': 5799}, 'count': 18159}
2025-04-07 11:53:34,201 - routes.data_info - INFO - Sending response: {'total_patients': 18159, 'model_versions': [{'version': 'model_20250407_092518', 'feature_count': 6, 'features': ['Body_Mass_Index', 'hypertension', 'diabetes', 'hyperhomocysteinemia', 'hemiplegia', 'dizziness']}, {'version': 'model_20250406_223115', 'feature_count': 5, 'features': ['age', 'Body_Mass_Index', 'Mrs_admission', 'NIHSS_admission', 'Gender']}], 'numerical_stats': {'age': {'min': 10, 'max': 99, 'count': 18159}, 'Body_Mass_Index': {'min': 17.01, 'max': 44.52, 'count': 18159}, 'Mrs_admission': {'min': 0, 'max': 4, 'count': 18159}, 'NIHSS_admission': {'min': 0, 'max': 23, 'count': 18159}}, 'categorical_stats': {'Gender': {'values': {'2': 8354, '1': 9805}, 'count': 18159}, 'medical_insurance': {'values': {'1': 4531, '2': 12349, '7': 1175, '9': 68, '6': 30, '5': 5, '4': 1}, 'count': 18159}, 'payment_method': {'values': {'0': 12360, '1': 5799}, 'count': 18159}}, 'last_updated': '2025-04-07T10:53:34.201576'}
2025-04-07 11:53:34,210 - werkzeug - INFO - 127.0.0.1 - - [07/Apr/2025 11:53:34] "GET /api/data/overview HTTP/1.1" 200 -
2025-04-07 11:53:34,516 - routes.data_info - INFO - MongoDB URI: mongodb://localhost:27017/medical_data
2025-04-07 11:53:34,517 - routes.data_info - INFO - DB Name: medical_data
2025-04-07 11:53:34,517 - routes.data_info - INFO - Collection Name: MOESM1_ESM
2025-04-07 11:53:34,518 - routes.data_info - INFO - MongoDB connection established successfully
2025-04-07 11:53:34,522 - routes.data_info - INFO - Total patients in database: 18159
2025-04-07 11:53:34,524 - routes.data_info - INFO - First patient data: {"_id": {"$oid": "67e803e361b01410fa27faeb"}, "medical_insurance": 1, "payment_method": 0, "Body_Mass_Index": 17.6, "hypertension": 0, "coronary_heart_disease": 1, "diabetes": 0, "transient_ischemic_attack": 0, "peripheral_arterial_disease": 0, "Postoperative_sequelae": 0, "atrial_fibrillation": 1, "hyperlipidemia": 0, "hyperhomocysteinemia": 0, "epilepsy": 0, "respiratory_tract_infection": 0, "dizziness": 0, "trauma": 0, "hemiplegia": 0, "aphasia": 0, "cognitive_disorder": 15, "Mrs_admission": 2, "NIHSS_admission": 18, "Gender": 2, "age": 49, "marital_status": 1, "occupation": 2, "critical": 0, "operation": 0, "LOS": 2}
2025-04-07 11:53:34,525 - routes.data_info - INFO - Number of model versions: 2
2025-04-07 11:53:34,825 - routes.data_info - INFO - MongoDB URI: mongodb://localhost:27017/medical_data
2025-04-07 11:53:34,871 - routes.data_info - INFO - DB Name: medical_data
2025-04-07 11:53:34,887 - routes.data_info - INFO - Collection Name: MOESM1_ESM
2025-04-07 11:53:34,934 - routes.data_info - INFO - MongoDB connection established successfully
2025-04-07 11:53:34,996 - routes.data_info - INFO - Total patients in database: 18159
2025-04-07 11:53:35,042 - routes.data_info - INFO - First patient data: {"_id": {"$oid": "67e803e361b01410fa27faeb"}, "medical_insurance": 1, "payment_method": 0, "Body_Mass_Index": 17.6, "hypertension": 0, "coronary_heart_disease": 1, "diabetes": 0, "transient_ischemic_attack": 0, "peripheral_arterial_disease": 0, "Postoperative_sequelae": 0, "atrial_fibrillation": 1, "hyperlipidemia": 0, "hyperhomocysteinemia": 0, "epilepsy": 0, "respiratory_tract_infection": 0, "dizziness": 0, "trauma": 0, "hemiplegia": 0, "aphasia": 0, "cognitive_disorder": 15, "Mrs_admission": 2, "NIHSS_admission": 18, "Gender": 2, "age": 49, "marital_status": 1, "occupation": 2, "critical": 0, "operation": 0, "LOS": 2}
2025-04-07 11:53:35,104 - routes.data_info - INFO - Number of model versions: 2
2025-04-07 11:53:35,394 - routes.data_info - INFO - Stats for age: {'min': 10, 'max': 99, 'count': 18159}
2025-04-07 11:53:37,067 - routes.data_info - INFO - Stats for Body_Mass_Index: {'min': 17.01, 'max': 44.52, 'count': 18159}
2025-04-07 11:53:37,096 - routes.data_info - INFO - Stats for age: {'min': 10, 'max': 99, 'count': 18159}
2025-04-07 11:53:38,514 - routes.data_info - INFO - Stats for Mrs_admission: {'min': 0, 'max': 4, 'count': 18159}
2025-04-07 11:53:38,625 - routes.data_info - INFO - Stats for Body_Mass_Index: {'min': 17.01, 'max': 44.52, 'count': 18159}
2025-04-07 11:53:39,860 - routes.data_info - INFO - Stats for NIHSS_admission: {'min': 0, 'max': 23, 'count': 18159}
2025-04-07 11:53:40,106 - routes.data_info - INFO - Stats for Mrs_admission: {'min': 0, 'max': 4, 'count': 18159}
2025-04-07 11:53:41,314 - routes.data_info - INFO - Stats for Gender: {'values': {'2': 8354, '1': 9805}, 'count': 18159}
2025-04-07 11:53:41,430 - routes.data_info - INFO - Stats for NIHSS_admission: {'min': 0, 'max': 23, 'count': 18159}
2025-04-07 11:53:42,891 - routes.data_info - INFO - Stats for medical_insurance: {'values': {'1': 4531, '2': 12349, '7': 1175, '9': 68, '6': 30, '5': 5, '4': 1}, 'count': 18159}
2025-04-07 11:53:42,891 - routes.data_info - INFO - Stats for Gender: {'values': {'2': 8354, '1': 9805}, 'count': 18159}
2025-04-07 11:53:44,163 - routes.data_info - INFO - Stats for payment_method: {'values': {'0': 12360, '1': 5799}, 'count': 18159}
2025-04-07 11:53:44,183 - routes.data_info - INFO - Sending response: {'total_patients': 18159, 'model_versions': [{'version': 'model_20250407_092518', 'feature_count': 6, 'features': ['Body_Mass_Index', 'hypertension', 'diabetes', 'hyperhomocysteinemia', 'hemiplegia', 'dizziness']}, {'version': 'model_20250406_223115', 'feature_count': 5, 'features': ['age', 'Body_Mass_Index', 'Mrs_admission', 'NIHSS_admission', 'Gender']}], 'numerical_stats': {'age': {'min': 10, 'max': 99, 'count': 18159}, 'Body_Mass_Index': {'min': 17.01, 'max': 44.52, 'count': 18159}, 'Mrs_admission': {'min': 0, 'max': 4, 'count': 18159}, 'NIHSS_admission': {'min': 0, 'max': 23, 'count': 18159}}, 'categorical_stats': {'Gender': {'values': {'2': 8354, '1': 9805}, 'count': 18159}, 'medical_insurance': {'values': {'1': 4531, '2': 12349, '7': 1175, '9': 68, '6': 30, '5': 5, '4': 1}, 'count': 18159}, 'payment_method': {'values': {'0': 12360, '1': 5799}, 'count': 18159}}, 'last_updated': '2025-04-07T10:53:44.183958'}
2025-04-07 11:53:44,195 - routes.data_info - INFO - Stats for medical_insurance: {'values': {'1': 4531, '2': 12349, '7': 1175, '9': 68, '6': 30, '5': 5, '4': 1}, 'count': 18159}
2025-04-07 11:53:44,205 - werkzeug - INFO - 127.0.0.1 - - [07/Apr/2025 11:53:44] "GET /api/data/overview HTTP/1.1" 200 -
2025-04-07 11:53:44,878 - routes.data_info - INFO - Stats for payment_method: {'values': {'0': 12360, '1': 5799}, 'count': 18159}
2025-04-07 11:53:44,879 - routes.data_info - INFO - Sending response: {'total_patients': 18159, 'model_versions': [{'version': 'model_20250407_092518', 'feature_count': 6, 'features': ['Body_Mass_Index', 'hypertension', 'diabetes', 'hyperhomocysteinemia', 'hemiplegia', 'dizziness']}, {'version': 'model_20250406_223115', 'feature_count': 5, 'features': ['age', 'Body_Mass_Index', 'Mrs_admission', 'NIHSS_admission', 'Gender']}], 'numerical_stats': {'age': {'min': 10, 'max': 99, 'count': 18159}, 'Body_Mass_Index': {'min': 17.01, 'max': 44.52, 'count': 18159}, 'Mrs_admission': {'min': 0, 'max': 4, 'count': 18159}, 'NIHSS_admission': {'min': 0, 'max': 23, 'count': 18159}}, 'categorical_stats': {'Gender': {'values': {'2': 8354, '1': 9805}, 'count': 18159}, 'medical_insurance': {'values': {'1': 4531, '2': 12349, '7': 1175, '9': 68, '6': 30, '5': 5, '4': 1}, 'count': 18159}, 'payment_method': {'values': {'0': 12360, '1': 5799}, 'count': 18159}}, 'last_updated': '2025-04-07T10:53:44.879110'}
2025-04-07 11:53:44,889 - werkzeug - INFO - 127.0.0.1 - - [07/Apr/2025 11:53:44] "GET /api/data/overview HTTP/1.1" 200 -
2025-04-07 11:55:29,338 - routes.data_info - INFO - MongoDB URI: mongodb://localhost:27017/medical_data
2025-04-07 11:55:29,338 - routes.data_info - INFO - DB Name: medical_data
2025-04-07 11:55:29,339 - routes.data_info - INFO - Collection Name: MOESM1_ESM
2025-04-07 11:55:29,339 - routes.data_info - INFO - MongoDB connection established successfully
2025-04-07 11:55:29,343 - routes.data_info - INFO - Total patients in database: 18159
2025-04-07 11:55:29,345 - routes.data_info - INFO - First patient data: {"_id": {"$oid": "67e803e361b01410fa27faeb"}, "medical_insurance": 1, "payment_method": 0, "Body_Mass_Index": 17.6, "hypertension": 0, "coronary_heart_disease": 1, "diabetes": 0, "transient_ischemic_attack": 0, "peripheral_arterial_disease": 0, "Postoperative_sequelae": 0, "atrial_fibrillation": 1, "hyperlipidemia": 0, "hyperhomocysteinemia": 0, "epilepsy": 0, "respiratory_tract_infection": 0, "dizziness": 0, "trauma": 0, "hemiplegia": 0, "aphasia": 0, "cognitive_disorder": 15, "Mrs_admission": 2, "NIHSS_admission": 18, "Gender": 2, "age": 49, "marital_status": 1, "occupation": 2, "critical": 0, "operation": 0, "LOS": 2}
2025-04-07 11:55:29,346 - routes.data_info - INFO - Number of model versions: 2
2025-04-07 11:55:30,111 - routes.data_info - INFO - Stats for age: {'min': 10, 'max': 99, 'count': 18159}
2025-04-07 11:55:30,805 - routes.data_info - INFO - Stats for Body_Mass_Index: {'min': 17.01, 'max': 44.52, 'count': 18159}
2025-04-07 11:55:31,516 - routes.data_info - INFO - Stats for Mrs_admission: {'min': 0, 'max': 4, 'count': 18159}
2025-04-07 11:55:32,287 - routes.data_info - INFO - Stats for NIHSS_admission: {'min': 0, 'max': 23, 'count': 18159}
2025-04-07 11:55:32,979 - routes.data_info - INFO - Stats for Gender: {'values': {'2': 8354, '1': 9805}, 'count': 18159}
2025-04-07 11:55:33,655 - routes.data_info - INFO - Stats for medical_insurance: {'values': {'1': 4531, '2': 12349, '7': 1175, '9': 68, '6': 30, '5': 5, '4': 1}, 'count': 18159}
2025-04-07 11:55:34,738 - routes.data_info - INFO - Stats for payment_method: {'values': {'0': 12360, '1': 5799}, 'count': 18159}
2025-04-07 11:55:34,738 - routes.data_info - INFO - Sending response: {'total_patients': 18159, 'model_versions': [{'version': 'model_20250407_092518', 'feature_count': 6, 'features': ['Body_Mass_Index', 'hypertension', 'diabetes', 'hyperhomocysteinemia', 'hemiplegia', 'dizziness']}, {'version': 'model_20250406_223115', 'feature_count': 5, 'features': ['age', 'Body_Mass_Index', 'Mrs_admission', 'NIHSS_admission', 'Gender']}], 'numerical_stats': {'age': {'min': 10, 'max': 99, 'count': 18159}, 'Body_Mass_Index': {'min': 17.01, 'max': 44.52, 'count': 18159}, 'Mrs_admission': {'min': 0, 'max': 4, 'count': 18159}, 'NIHSS_admission': {'min': 0, 'max': 23, 'count': 18159}}, 'categorical_stats': {'Gender': {'values': {'2': 8354, '1': 9805}, 'count': 18159}, 'medical_insurance': {'values': {'1': 4531, '2': 12349, '7': 1175, '9': 68, '6': 30, '5': 5, '4': 1}, 'count': 18159}, 'payment_method': {'values': {'0': 12360, '1': 5799}, 'count': 18159}}, 'last_updated': '2025-04-07T10:55:34.738524'}
2025-04-07 11:55:34,748 - werkzeug - INFO - 127.0.0.1 - - [07/Apr/2025 11:55:34] "GET /api/data/overview HTTP/1.1" 200 -
2025-04-07 11:56:42,783 - routes.data_info - INFO - MongoDB URI: mongodb://localhost:27017/medical_data
2025-04-07 11:56:42,783 - routes.data_info - INFO - DB Name: medical_data
2025-04-07 11:56:42,784 - routes.data_info - INFO - Collection Name: MOESM1_ESM
2025-04-07 11:56:42,784 - routes.data_info - INFO - MongoDB connection established successfully
2025-04-07 11:56:42,789 - routes.data_info - INFO - Total patients in database: 18159
2025-04-07 11:56:42,790 - routes.data_info - INFO - First patient data: {"_id": {"$oid": "67e803e361b01410fa27faeb"}, "medical_insurance": 1, "payment_method": 0, "Body_Mass_Index": 17.6, "hypertension": 0, "coronary_heart_disease": 1, "diabetes": 0, "transient_ischemic_attack": 0, "peripheral_arterial_disease": 0, "Postoperative_sequelae": 0, "atrial_fibrillation": 1, "hyperlipidemia": 0, "hyperhomocysteinemia": 0, "epilepsy": 0, "respiratory_tract_infection": 0, "dizziness": 0, "trauma": 0, "hemiplegia": 0, "aphasia": 0, "cognitive_disorder": 15, "Mrs_admission": 2, "NIHSS_admission": 18, "Gender": 2, "age": 49, "marital_status": 1, "occupation": 2, "critical": 0, "operation": 0, "LOS": 2}
2025-04-07 11:56:42,791 - routes.data_info - INFO - Number of model versions: 2
2025-04-07 11:56:43,494 - routes.data_info - INFO - Stats for age: {'min': 10, 'max': 99, 'count': 18159}
2025-04-07 11:56:44,214 - routes.data_info - INFO - Stats for Body_Mass_Index: {'min': 17.01, 'max': 44.52, 'count': 18159}
2025-04-07 11:56:44,946 - routes.data_info - INFO - Stats for Mrs_admission: {'min': 0, 'max': 4, 'count': 18159}
2025-04-07 11:56:45,791 - routes.data_info - INFO - Stats for NIHSS_admission: {'min': 0, 'max': 23, 'count': 18159}
2025-04-07 11:56:46,527 - routes.data_info - INFO - Stats for Gender: {'values': {'2': 8354, '1': 9805}, 'count': 18159}
2025-04-07 11:56:47,239 - routes.data_info - INFO - Stats for medical_insurance: {'values': {'1': 4531, '2': 12349, '7': 1175, '9': 68, '6': 30, '5': 5, '4': 1}, 'count': 18159}
2025-04-07 11:56:48,024 - routes.data_info - INFO - Stats for payment_method: {'values': {'0': 12360, '1': 5799}, 'count': 18159}
2025-04-07 11:56:48,024 - routes.data_info - INFO - Sending response: {'total_patients': 18159, 'model_versions': [{'version': 'model_20250407_092518', 'feature_count': 6, 'features': ['Body_Mass_Index', 'hypertension', 'diabetes', 'hyperhomocysteinemia', 'hemiplegia', 'dizziness']}, {'version': 'model_20250406_223115', 'feature_count': 5, 'features': ['age', 'Body_Mass_Index', 'Mrs_admission', 'NIHSS_admission', 'Gender']}], 'numerical_stats': {'age': {'min': 10, 'max': 99, 'count': 18159}, 'Body_Mass_Index': {'min': 17.01, 'max': 44.52, 'count': 18159}, 'Mrs_admission': {'min': 0, 'max': 4, 'count': 18159}, 'NIHSS_admission': {'min': 0, 'max': 23, 'count': 18159}}, 'categorical_stats': {'Gender': {'values': {'2': 8354, '1': 9805}, 'count': 18159}, 'medical_insurance': {'values': {'1': 4531, '2': 12349, '7': 1175, '9': 68, '6': 30, '5': 5, '4': 1}, 'count': 18159}, 'payment_method': {'values': {'0': 12360, '1': 5799}, 'count': 18159}}, 'last_updated': '2025-04-07T10:56:48.024335'}
2025-04-07 11:56:48,032 - werkzeug - INFO - 127.0.0.1 - - [07/Apr/2025 11:56:48] "GET /api/data/overview HTTP/1.1" 200 -
2025-04-07 11:57:37,717 - routes.data_info - INFO - MongoDB URI: mongodb://localhost:27017/medical_data
2025-04-07 11:57:37,719 - routes.data_info - INFO - DB Name: medical_data
2025-04-07 11:57:37,719 - routes.data_info - INFO - Collection Name: MOESM1_ESM
2025-04-07 11:57:37,719 - routes.data_info - INFO - MongoDB connection established successfully
2025-04-07 11:57:37,727 - routes.data_info - INFO - Total patients in database: 18159
2025-04-07 11:57:37,729 - routes.data_info - INFO - First patient data: {"_id": {"$oid": "67e803e361b01410fa27faeb"}, "medical_insurance": 1, "payment_method": 0, "Body_Mass_Index": 17.6, "hypertension": 0, "coronary_heart_disease": 1, "diabetes": 0, "transient_ischemic_attack": 0, "peripheral_arterial_disease": 0, "Postoperative_sequelae": 0, "atrial_fibrillation": 1, "hyperlipidemia": 0, "hyperhomocysteinemia": 0, "epilepsy": 0, "respiratory_tract_infection": 0, "dizziness": 0, "trauma": 0, "hemiplegia": 0, "aphasia": 0, "cognitive_disorder": 15, "Mrs_admission": 2, "NIHSS_admission": 18, "Gender": 2, "age": 49, "marital_status": 1, "occupation": 2, "critical": 0, "operation": 0, "LOS": 2}
2025-04-07 11:57:37,732 - routes.data_info - INFO - Number of model versions: 2
2025-04-07 11:57:38,473 - routes.data_info - INFO - Stats for age: {'min': 10, 'max': 99, 'count': 18159}
2025-04-07 11:57:39,214 - routes.data_info - INFO - Stats for Body_Mass_Index: {'min': 17.01, 'max': 44.52, 'count': 18159}
2025-04-07 11:57:39,989 - routes.data_info - INFO - Stats for Mrs_admission: {'min': 0, 'max': 4, 'count': 18159}
2025-04-07 11:57:40,715 - routes.data_info - INFO - Stats for NIHSS_admission: {'min': 0, 'max': 23, 'count': 18159}
2025-04-07 11:57:41,433 - routes.data_info - INFO - Stats for Gender: {'values': {'2': 8354, '1': 9805}, 'count': 18159}
2025-04-07 11:57:42,225 - routes.data_info - INFO - Stats for medical_insurance: {'values': {'1': 4531, '2': 12349, '7': 1175, '9': 68, '6': 30, '5': 5, '4': 1}, 'count': 18159}
2025-04-07 11:57:43,137 - routes.data_info - INFO - Stats for payment_method: {'values': {'0': 12360, '1': 5799}, 'count': 18159}
2025-04-07 11:57:43,137 - routes.data_info - INFO - Sending response: {'total_patients': 18159, 'model_versions': [{'version': 'model_20250407_092518', 'feature_count': 6, 'features': ['Body_Mass_Index', 'hypertension', 'diabetes', 'hyperhomocysteinemia', 'hemiplegia', 'dizziness']}, {'version': 'model_20250406_223115', 'feature_count': 5, 'features': ['age', 'Body_Mass_Index', 'Mrs_admission', 'NIHSS_admission', 'Gender']}], 'numerical_stats': {'age': {'min': 10, 'max': 99, 'count': 18159}, 'Body_Mass_Index': {'min': 17.01, 'max': 44.52, 'count': 18159}, 'Mrs_admission': {'min': 0, 'max': 4, 'count': 18159}, 'NIHSS_admission': {'min': 0, 'max': 23, 'count': 18159}}, 'categorical_stats': {'Gender': {'values': {'2': 8354, '1': 9805}, 'count': 18159}, 'medical_insurance': {'values': {'1': 4531, '2': 12349, '7': 1175, '9': 68, '6': 30, '5': 5, '4': 1}, 'count': 18159}, 'payment_method': {'values': {'0': 12360, '1': 5799}, 'count': 18159}}, 'last_updated': '2025-04-07T10:57:43.137536'}
2025-04-07 11:57:43,147 - werkzeug - INFO - 127.0.0.1 - - [07/Apr/2025 11:57:43] "GET /api/data/overview HTTP/1.1" 200 -
2025-04-07 11:59:37,642 - routes.data_info - INFO - MongoDB URI: mongodb://localhost:27017/medical_data
2025-04-07 11:59:37,643 - routes.data_info - INFO - DB Name: medical_data
2025-04-07 11:59:37,643 - routes.data_info - INFO - Collection Name: MOESM1_ESM
2025-04-07 11:59:37,643 - routes.data_info - INFO - MongoDB connection established successfully
2025-04-07 11:59:37,647 - routes.data_info - INFO - Total patients in database: 18159
2025-04-07 11:59:37,648 - routes.data_info - INFO - First patient data: {"_id": {"$oid": "67e803e361b01410fa27faeb"}, "medical_insurance": 1, "payment_method": 0, "Body_Mass_Index": 17.6, "hypertension": 0, "coronary_heart_disease": 1, "diabetes": 0, "transient_ischemic_attack": 0, "peripheral_arterial_disease": 0, "Postoperative_sequelae": 0, "atrial_fibrillation": 1, "hyperlipidemia": 0, "hyperhomocysteinemia": 0, "epilepsy": 0, "respiratory_tract_infection": 0, "dizziness": 0, "trauma": 0, "hemiplegia": 0, "aphasia": 0, "cognitive_disorder": 15, "Mrs_admission": 2, "NIHSS_admission": 18, "Gender": 2, "age": 49, "marital_status": 1, "occupation": 2, "critical": 0, "operation": 0, "LOS": 2}
2025-04-07 11:59:37,650 - routes.data_info - INFO - Number of model versions: 2
2025-04-07 11:59:38,359 - routes.data_info - INFO - Stats for age: {'min': 10, 'max': 99, 'count': 18159}
2025-04-07 11:59:39,129 - routes.data_info - INFO - Stats for Body_Mass_Index: {'min': 17.01, 'max': 44.52, 'count': 18159}
2025-04-07 11:59:39,844 - routes.data_info - INFO - Stats for Mrs_admission: {'min': 0, 'max': 4, 'count': 18159}
2025-04-07 11:59:40,573 - routes.data_info - INFO - Stats for NIHSS_admission: {'min': 0, 'max': 23, 'count': 18159}
2025-04-07 11:59:41,276 - routes.data_info - INFO - Stats for Gender: {'values': {'2': 8354, '1': 9805}, 'count': 18159}
2025-04-07 11:59:42,038 - routes.data_info - INFO - Stats for medical_insurance: {'values': {'1': 4531, '2': 12349, '7': 1175, '9': 68, '6': 30, '5': 5, '4': 1}, 'count': 18159}
2025-04-07 11:59:42,926 - routes.data_info - INFO - Stats for payment_method: {'values': {'0': 12360, '1': 5799}, 'count': 18159}
2025-04-07 11:59:42,926 - routes.data_info - INFO - Sending response: {'total_patients': 18159, 'model_versions': [{'version': 'model_20250407_092518', 'feature_count': 6, 'features': ['Body_Mass_Index', 'hypertension', 'diabetes', 'hyperhomocysteinemia', 'hemiplegia', 'dizziness']}, {'version': 'model_20250406_223115', 'feature_count': 5, 'features': ['age', 'Body_Mass_Index', 'Mrs_admission', 'NIHSS_admission', 'Gender']}], 'numerical_stats': {'age': {'min': 10, 'max': 99, 'count': 18159}, 'Body_Mass_Index': {'min': 17.01, 'max': 44.52, 'count': 18159}, 'Mrs_admission': {'min': 0, 'max': 4, 'count': 18159}, 'NIHSS_admission': {'min': 0, 'max': 23, 'count': 18159}}, 'categorical_stats': {'Gender': {'values': {'2': 8354, '1': 9805}, 'count': 18159}, 'medical_insurance': {'values': {'1': 4531, '2': 12349, '7': 1175, '9': 68, '6': 30, '5': 5, '4': 1}, 'count': 18159}, 'payment_method': {'values': {'0': 12360, '1': 5799}, 'count': 18159}}, 'last_updated': '2025-04-07T10:59:42.926275'}
2025-04-07 11:59:42,935 - werkzeug - INFO - 127.0.0.1 - - [07/Apr/2025 11:59:42] "GET /api/data/overview HTTP/1.1" 200 -
2025-04-07 12:04:23,942 - __main__ - INFO - Connecting to MongoDB at mongodb://localhost:27017/medical_data
2025-04-07 12:04:23,942 - __main__ - INFO - Using database: medical_data
2025-04-07 12:04:23,946 - __main__ - INFO - MongoDB connection initialized successfully
2025-04-07 12:04:23,947 - __main__ - INFO - Starting Flask server...
2025-04-07 12:04:23,966 - werkzeug - INFO - [31m[1mWARNING: This is a development server. Do not use it in a production deployment. Use a production WSGI server instead.[0m
 * Running on http://127.0.0.1:5000
2025-04-07 12:04:23,967 - werkzeug - INFO - [33mPress CTRL+C to quit[0m
2025-04-07 12:05:01,881 - routes.data_info - INFO - MongoDB URI: mongodb://localhost:27017/medical_data
2025-04-07 12:05:01,881 - routes.data_info - INFO - DB Name: medical_data
2025-04-07 12:05:01,881 - routes.data_info - INFO - Collection Name: MOESM1_ESM
2025-04-07 12:05:01,882 - routes.data_info - INFO - MongoDB connection established successfully
2025-04-07 12:05:01,903 - routes.data_info - INFO - Total patients in database: 18159
2025-04-07 12:05:01,904 - routes.data_info - INFO - First patient data: {"_id": {"$oid": "67e803e361b01410fa27faeb"}, "medical_insurance": 1, "payment_method": 0, "Body_Mass_Index": 17.6, "hypertension": 0, "coronary_heart_disease": 1, "diabetes": 0, "transient_ischemic_attack": 0, "peripheral_arterial_disease": 0, "Postoperative_sequelae": 0, "atrial_fibrillation": 1, "hyperlipidemia": 0, "hyperhomocysteinemia": 0, "epilepsy": 0, "respiratory_tract_infection": 0, "dizziness": 0, "trauma": 0, "hemiplegia": 0, "aphasia": 0, "cognitive_disorder": 15, "Mrs_admission": 2, "NIHSS_admission": 18, "Gender": 2, "age": 49, "marital_status": 1, "occupation": 2, "critical": 0, "operation": 0, "LOS": 2}
2025-04-07 12:05:01,906 - routes.data_info - INFO - Number of model versions: 2
2025-04-07 12:05:02,678 - routes.data_info - INFO - Stats for age: {'min': 10, 'max': 99, 'count': 18159}
2025-04-07 12:05:03,388 - routes.data_info - INFO - Stats for Body_Mass_Index: {'min': 17.01, 'max': 44.52, 'count': 18159}
2025-04-07 12:05:04,177 - routes.data_info - INFO - Stats for Mrs_admission: {'min': 0, 'max': 4, 'count': 18159}
2025-04-07 12:05:04,913 - routes.data_info - INFO - Stats for NIHSS_admission: {'min': 0, 'max': 23, 'count': 18159}
2025-04-07 12:05:05,863 - routes.data_info - INFO - Stats for Gender: {'values': {'2': 8354, '1': 9805}, 'count': 18159}
2025-04-07 12:05:06,997 - routes.data_info - INFO - Stats for medical_insurance: {'values': {'1': 4531, '2': 12349, '7': 1175, '9': 68, '6': 30, '5': 5, '4': 1}, 'count': 18159}
2025-04-07 12:05:08,111 - routes.data_info - INFO - Stats for payment_method: {'values': {'0': 12360, '1': 5799}, 'count': 18159}
2025-04-07 12:05:08,111 - routes.data_info - INFO - Sending response: {'total_patients': 18159, 'model_versions': [{'version': 'model_20250407_092518', 'feature_count': 6, 'features': ['Body_Mass_Index', 'hypertension', 'diabetes', 'hyperhomocysteinemia', 'hemiplegia', 'dizziness']}, {'version': 'model_20250406_223115', 'feature_count': 5, 'features': ['age', 'Body_Mass_Index', 'Mrs_admission', 'NIHSS_admission', 'Gender']}], 'numerical_stats': {'age': {'min': 10, 'max': 99, 'count': 18159}, 'Body_Mass_Index': {'min': 17.01, 'max': 44.52, 'count': 18159}, 'Mrs_admission': {'min': 0, 'max': 4, 'count': 18159}, 'NIHSS_admission': {'min': 0, 'max': 23, 'count': 18159}}, 'categorical_stats': {'Gender': {'values': {'2': 8354, '1': 9805}, 'count': 18159}, 'medical_insurance': {'values': {'1': 4531, '2': 12349, '7': 1175, '9': 68, '6': 30, '5': 5, '4': 1}, 'count': 18159}, 'payment_method': {'values': {'0': 12360, '1': 5799}, 'count': 18159}}, 'last_updated': '2025-04-07T11:05:08.111501'}
2025-04-07 12:05:08,120 - werkzeug - INFO - 127.0.0.1 - - [07/Apr/2025 12:05:08] "GET /api/data/overview HTTP/1.1" 200 -
2025-04-07 12:07:14,022 - routes.data_info - INFO - MongoDB URI: mongodb://localhost:27017/medical_data
2025-04-07 12:07:14,023 - routes.data_info - INFO - DB Name: medical_data
2025-04-07 12:07:14,023 - routes.data_info - INFO - Collection Name: MOESM1_ESM
2025-04-07 12:07:14,023 - routes.data_info - INFO - MongoDB connection established successfully
2025-04-07 12:07:14,028 - routes.data_info - INFO - Total patients in database: 18159
2025-04-07 12:07:14,029 - routes.data_info - INFO - First patient data: {"_id": {"$oid": "67e803e361b01410fa27faeb"}, "medical_insurance": 1, "payment_method": 0, "Body_Mass_Index": 17.6, "hypertension": 0, "coronary_heart_disease": 1, "diabetes": 0, "transient_ischemic_attack": 0, "peripheral_arterial_disease": 0, "Postoperative_sequelae": 0, "atrial_fibrillation": 1, "hyperlipidemia": 0, "hyperhomocysteinemia": 0, "epilepsy": 0, "respiratory_tract_infection": 0, "dizziness": 0, "trauma": 0, "hemiplegia": 0, "aphasia": 0, "cognitive_disorder": 15, "Mrs_admission": 2, "NIHSS_admission": 18, "Gender": 2, "age": 49, "marital_status": 1, "occupation": 2, "critical": 0, "operation": 0, "LOS": 2}
2025-04-07 12:07:14,030 - routes.data_info - INFO - Number of model versions: 2
2025-04-07 12:07:14,746 - routes.data_info - INFO - Stats for age: {'min': 10, 'max': 99, 'count': 18159}
2025-04-07 12:07:15,444 - routes.data_info - INFO - Stats for Body_Mass_Index: {'min': 17.01, 'max': 44.52, 'count': 18159}
2025-04-07 12:07:16,218 - routes.data_info - INFO - Stats for Mrs_admission: {'min': 0, 'max': 4, 'count': 18159}
2025-04-07 12:07:16,921 - routes.data_info - INFO - Stats for NIHSS_admission: {'min': 0, 'max': 23, 'count': 18159}
2025-04-07 12:07:17,625 - routes.data_info - INFO - Stats for Gender: {'values': {'2': 8354, '1': 9805}, 'count': 18159}
2025-04-07 12:07:18,398 - routes.data_info - INFO - Stats for medical_insurance: {'values': {'1': 4531, '2': 12349, '7': 1175, '9': 68, '6': 30, '5': 5, '4': 1}, 'count': 18159}
2025-04-07 12:07:19,491 - routes.data_info - INFO - Stats for payment_method: {'values': {'0': 12360, '1': 5799}, 'count': 18159}
2025-04-07 12:07:19,491 - routes.data_info - INFO - Sending response: {'total_patients': 18159, 'model_versions': [{'version': 'model_20250407_092518', 'feature_count': 6, 'features': ['Body_Mass_Index', 'hypertension', 'diabetes', 'hyperhomocysteinemia', 'hemiplegia', 'dizziness']}, {'version': 'model_20250406_223115', 'feature_count': 5, 'features': ['age', 'Body_Mass_Index', 'Mrs_admission', 'NIHSS_admission', 'Gender']}], 'numerical_stats': {'age': {'min': 10, 'max': 99, 'count': 18159}, 'Body_Mass_Index': {'min': 17.01, 'max': 44.52, 'count': 18159}, 'Mrs_admission': {'min': 0, 'max': 4, 'count': 18159}, 'NIHSS_admission': {'min': 0, 'max': 23, 'count': 18159}}, 'categorical_stats': {'Gender': {'values': {'2': 8354, '1': 9805}, 'count': 18159}, 'medical_insurance': {'values': {'1': 4531, '2': 12349, '7': 1175, '9': 68, '6': 30, '5': 5, '4': 1}, 'count': 18159}, 'payment_method': {'values': {'0': 12360, '1': 5799}, 'count': 18159}}, 'last_updated': '2025-04-07T11:07:19.491882'}
2025-04-07 12:07:19,503 - werkzeug - INFO - 127.0.0.1 - - [07/Apr/2025 12:07:19] "GET /api/data/overview HTTP/1.1" 200 -
2025-04-07 12:07:43,136 - routes.data_info - INFO - MongoDB URI: mongodb://localhost:27017/medical_data
2025-04-07 12:07:43,137 - routes.data_info - INFO - DB Name: medical_data
2025-04-07 12:07:43,137 - routes.data_info - INFO - Collection Name: MOESM1_ESM
2025-04-07 12:07:43,137 - routes.data_info - INFO - MongoDB connection established successfully
2025-04-07 12:07:43,143 - routes.data_info - INFO - Total patients in database: 18159
2025-04-07 12:07:43,145 - routes.data_info - INFO - First patient data: {"_id": {"$oid": "67e803e361b01410fa27faeb"}, "medical_insurance": 1, "payment_method": 0, "Body_Mass_Index": 17.6, "hypertension": 0, "coronary_heart_disease": 1, "diabetes": 0, "transient_ischemic_attack": 0, "peripheral_arterial_disease": 0, "Postoperative_sequelae": 0, "atrial_fibrillation": 1, "hyperlipidemia": 0, "hyperhomocysteinemia": 0, "epilepsy": 0, "respiratory_tract_infection": 0, "dizziness": 0, "trauma": 0, "hemiplegia": 0, "aphasia": 0, "cognitive_disorder": 15, "Mrs_admission": 2, "NIHSS_admission": 18, "Gender": 2, "age": 49, "marital_status": 1, "occupation": 2, "critical": 0, "operation": 0, "LOS": 2}
2025-04-07 12:07:43,147 - routes.data_info - INFO - Number of model versions: 2
2025-04-07 12:07:44,328 - routes.data_info - INFO - Stats for age: {'min': 10, 'max': 99, 'count': 18159}
2025-04-07 12:07:45,470 - routes.data_info - INFO - Stats for Body_Mass_Index: {'min': 17.01, 'max': 44.52, 'count': 18159}
2025-04-07 12:07:46,692 - routes.data_info - INFO - Stats for Mrs_admission: {'min': 0, 'max': 4, 'count': 18159}
2025-04-07 12:07:47,721 - routes.data_info - INFO - Stats for NIHSS_admission: {'min': 0, 'max': 23, 'count': 18159}
2025-04-07 12:07:48,801 - routes.data_info - INFO - Stats for Gender: {'values': {'2': 8354, '1': 9805}, 'count': 18159}
2025-04-07 12:07:49,801 - routes.data_info - INFO - Stats for medical_insurance: {'values': {'1': 4531, '2': 12349, '7': 1175, '9': 68, '6': 30, '5': 5, '4': 1}, 'count': 18159}
2025-04-07 12:07:50,903 - routes.data_info - INFO - Stats for payment_method: {'values': {'0': 12360, '1': 5799}, 'count': 18159}
2025-04-07 12:07:50,904 - routes.data_info - INFO - Sending response: {'total_patients': 18159, 'model_versions': [{'version': 'model_20250407_092518', 'feature_count': 6, 'features': ['Body_Mass_Index', 'hypertension', 'diabetes', 'hyperhomocysteinemia', 'hemiplegia', 'dizziness']}, {'version': 'model_20250406_223115', 'feature_count': 5, 'features': ['age', 'Body_Mass_Index', 'Mrs_admission', 'NIHSS_admission', 'Gender']}], 'numerical_stats': {'age': {'min': 10, 'max': 99, 'count': 18159}, 'Body_Mass_Index': {'min': 17.01, 'max': 44.52, 'count': 18159}, 'Mrs_admission': {'min': 0, 'max': 4, 'count': 18159}, 'NIHSS_admission': {'min': 0, 'max': 23, 'count': 18159}}, 'categorical_stats': {'Gender': {'values': {'2': 8354, '1': 9805}, 'count': 18159}, 'medical_insurance': {'values': {'1': 4531, '2': 12349, '7': 1175, '9': 68, '6': 30, '5': 5, '4': 1}, 'count': 18159}, 'payment_method': {'values': {'0': 12360, '1': 5799}, 'count': 18159}}, 'last_updated': '2025-04-07T11:07:50.904690'}
2025-04-07 12:07:50,914 - werkzeug - INFO - 127.0.0.1 - - [07/Apr/2025 12:07:50] "GET /api/data/overview HTTP/1.1" 200 -
2025-04-07 12:09:24,644 - __main__ - ERROR - An error occurred: 404 Not Found: The requested URL was not found on the server. If you entered the URL manually please check your spelling and try again.
2025-04-07 12:09:24,646 - __main__ - ERROR - Traceback (most recent call last):
  File "C:\Users\21652\patient-risk-analyzer\venv\Lib\site-packages\flask\app.py", line 1823, in full_dispatch_request
    rv = self.dispatch_request()
         ^^^^^^^^^^^^^^^^^^^^^^^
  File "C:\Users\21652\patient-risk-analyzer\venv\Lib\site-packages\flask\app.py", line 1788, in dispatch_request
    self.raise_routing_exception(req)
  File "C:\Users\21652\patient-risk-analyzer\venv\Lib\site-packages\flask\app.py", line 1770, in raise_routing_exception
    raise request.routing_exception  # type: ignore
    ^^^^^^^^^^^^^^^^^^^^^^^^^^^^^^^
  File "C:\Users\21652\patient-risk-analyzer\venv\Lib\site-packages\flask\ctx.py", line 351, in match_request
    result = self.url_adapter.match(return_rule=True)  # type: ignore
             ^^^^^^^^^^^^^^^^^^^^^^^^^^^^^^^^^^^^^^^^
  File "C:\Users\21652\patient-risk-analyzer\venv\Lib\site-packages\werkzeug\routing\map.py", line 629, in match
    raise NotFound() from None
werkzeug.exceptions.NotFound: 404 Not Found: The requested URL was not found on the server. If you entered the URL manually please check your spelling and try again.

2025-04-07 12:09:24,647 - werkzeug - INFO - 127.0.0.1 - - [07/Apr/2025 12:09:24] "[35m[1mOPTIONS /api/train HTTP/1.1[0m" 500 -
2025-04-07 14:51:40,012 - __main__ - INFO - Connecting to MongoDB at mongodb://localhost:27017/medical_data
2025-04-07 14:51:40,013 - __main__ - INFO - Using database: medical_data
2025-04-07 14:51:40,019 - __main__ - INFO - MongoDB connection initialized successfully
2025-04-07 14:51:40,023 - __main__ - INFO - Starting Flask server...
2025-04-07 14:51:40,054 - werkzeug - INFO - [31m[1mWARNING: This is a development server. Do not use it in a production deployment. Use a production WSGI server instead.[0m
 * Running on http://127.0.0.1:5000
2025-04-07 14:51:40,054 - werkzeug - INFO - [33mPress CTRL+C to quit[0m
2025-04-07 14:55:10,132 - routes.data_info - INFO - MongoDB URI: mongodb://localhost:27017/medical_data
2025-04-07 14:55:10,132 - routes.data_info - INFO - DB Name: medical_data
2025-04-07 14:55:10,133 - routes.data_info - INFO - Collection Name: MOESM1_ESM
2025-04-07 14:55:10,133 - routes.data_info - INFO - MongoDB connection established successfully
2025-04-07 14:55:10,287 - routes.data_info - INFO - Total patients in database: 18159
2025-04-07 14:55:10,291 - routes.data_info - INFO - First patient data: {"_id": {"$oid": "67e803e361b01410fa27faeb"}, "medical_insurance": 1, "payment_method": 0, "Body_Mass_Index": 17.6, "hypertension": 0, "coronary_heart_disease": 1, "diabetes": 0, "transient_ischemic_attack": 0, "peripheral_arterial_disease": 0, "Postoperative_sequelae": 0, "atrial_fibrillation": 1, "hyperlipidemia": 0, "hyperhomocysteinemia": 0, "epilepsy": 0, "respiratory_tract_infection": 0, "dizziness": 0, "trauma": 0, "hemiplegia": 0, "aphasia": 0, "cognitive_disorder": 15, "Mrs_admission": 2, "NIHSS_admission": 18, "Gender": 2, "age": 49, "marital_status": 1, "occupation": 2, "critical": 0, "operation": 0, "LOS": 2}
2025-04-07 14:55:10,299 - routes.data_info - INFO - Number of model versions: 2
2025-04-07 14:55:12,534 - routes.data_info - INFO - Stats for age: {'min': 10, 'max': 99, 'count': 18159}
2025-04-07 14:55:14,661 - routes.data_info - INFO - Stats for Body_Mass_Index: {'min': 17.01, 'max': 44.52, 'count': 18159}
2025-04-07 14:55:17,174 - routes.data_info - INFO - Stats for Mrs_admission: {'min': 0, 'max': 4, 'count': 18159}
2025-04-07 14:55:19,360 - routes.data_info - INFO - Stats for NIHSS_admission: {'min': 0, 'max': 23, 'count': 18159}
2025-04-07 14:55:21,544 - routes.data_info - INFO - Stats for Gender: {'values': {'2': 8354, '1': 9805}, 'count': 18159}
2025-04-07 14:55:23,694 - routes.data_info - INFO - Stats for medical_insurance: {'values': {'1': 4531, '2': 12349, '7': 1175, '9': 68, '6': 30, '5': 5, '4': 1}, 'count': 18159}
2025-04-07 14:55:25,989 - routes.data_info - INFO - Stats for payment_method: {'values': {'0': 12360, '1': 5799}, 'count': 18159}
2025-04-07 14:55:25,990 - routes.data_info - INFO - Sending response: {'total_patients': 18159, 'model_versions': [{'version': 'model_20250407_092518', 'feature_count': 6, 'features': ['Body_Mass_Index', 'hypertension', 'diabetes', 'hyperhomocysteinemia', 'hemiplegia', 'dizziness']}, {'version': 'model_20250406_223115', 'feature_count': 5, 'features': ['age', 'Body_Mass_Index', 'Mrs_admission', 'NIHSS_admission', 'Gender']}], 'numerical_stats': {'age': {'min': 10, 'max': 99, 'count': 18159}, 'Body_Mass_Index': {'min': 17.01, 'max': 44.52, 'count': 18159}, 'Mrs_admission': {'min': 0, 'max': 4, 'count': 18159}, 'NIHSS_admission': {'min': 0, 'max': 23, 'count': 18159}}, 'categorical_stats': {'Gender': {'values': {'2': 8354, '1': 9805}, 'count': 18159}, 'medical_insurance': {'values': {'1': 4531, '2': 12349, '7': 1175, '9': 68, '6': 30, '5': 5, '4': 1}, 'count': 18159}, 'payment_method': {'values': {'0': 12360, '1': 5799}, 'count': 18159}}, 'last_updated': '2025-04-07T13:55:25.989842'}
2025-04-07 14:55:26,010 - werkzeug - INFO - 127.0.0.1 - - [07/Apr/2025 14:55:26] "GET /api/data/overview HTTP/1.1" 200 -
2025-04-07 14:56:09,753 - werkzeug - INFO - 127.0.0.1 - - [07/Apr/2025 14:56:09] "GET /api/data/models HTTP/1.1" 200 -
2025-04-07 14:56:11,377 - routes.data_info - INFO - MongoDB URI: mongodb://localhost:27017/medical_data
2025-04-07 14:56:11,378 - routes.data_info - INFO - DB Name: medical_data
2025-04-07 14:56:11,379 - routes.data_info - INFO - Collection Name: MOESM1_ESM
2025-04-07 14:56:11,380 - routes.data_info - INFO - MongoDB connection established successfully
2025-04-07 14:56:11,388 - routes.data_info - INFO - Total patients in database: 18159
2025-04-07 14:56:11,391 - routes.data_info - INFO - First patient data: {"_id": {"$oid": "67e803e361b01410fa27faeb"}, "medical_insurance": 1, "payment_method": 0, "Body_Mass_Index": 17.6, "hypertension": 0, "coronary_heart_disease": 1, "diabetes": 0, "transient_ischemic_attack": 0, "peripheral_arterial_disease": 0, "Postoperative_sequelae": 0, "atrial_fibrillation": 1, "hyperlipidemia": 0, "hyperhomocysteinemia": 0, "epilepsy": 0, "respiratory_tract_infection": 0, "dizziness": 0, "trauma": 0, "hemiplegia": 0, "aphasia": 0, "cognitive_disorder": 15, "Mrs_admission": 2, "NIHSS_admission": 18, "Gender": 2, "age": 49, "marital_status": 1, "occupation": 2, "critical": 0, "operation": 0, "LOS": 2}
2025-04-07 14:56:11,394 - routes.data_info - INFO - Number of model versions: 2
2025-04-07 14:56:13,434 - routes.data_info - INFO - Stats for age: {'min': 10, 'max': 99, 'count': 18159}
2025-04-07 14:56:15,547 - routes.data_info - INFO - Stats for Body_Mass_Index: {'min': 17.01, 'max': 44.52, 'count': 18159}
2025-04-07 14:56:17,819 - routes.data_info - INFO - Stats for Mrs_admission: {'min': 0, 'max': 4, 'count': 18159}
2025-04-07 14:56:19,946 - routes.data_info - INFO - Stats for NIHSS_admission: {'min': 0, 'max': 23, 'count': 18159}
2025-04-07 14:56:22,052 - routes.data_info - INFO - Stats for Gender: {'values': {'2': 8354, '1': 9805}, 'count': 18159}
2025-04-07 14:56:24,165 - routes.data_info - INFO - Stats for medical_insurance: {'values': {'1': 4531, '2': 12349, '7': 1175, '9': 68, '6': 30, '5': 5, '4': 1}, 'count': 18159}
2025-04-07 14:56:26,403 - routes.data_info - INFO - Stats for payment_method: {'values': {'0': 12360, '1': 5799}, 'count': 18159}
2025-04-07 14:56:26,404 - routes.data_info - INFO - Sending response: {'total_patients': 18159, 'model_versions': [{'version': 'model_20250407_092518', 'feature_count': 6, 'features': ['Body_Mass_Index', 'hypertension', 'diabetes', 'hyperhomocysteinemia', 'hemiplegia', 'dizziness']}, {'version': 'model_20250406_223115', 'feature_count': 5, 'features': ['age', 'Body_Mass_Index', 'Mrs_admission', 'NIHSS_admission', 'Gender']}], 'numerical_stats': {'age': {'min': 10, 'max': 99, 'count': 18159}, 'Body_Mass_Index': {'min': 17.01, 'max': 44.52, 'count': 18159}, 'Mrs_admission': {'min': 0, 'max': 4, 'count': 18159}, 'NIHSS_admission': {'min': 0, 'max': 23, 'count': 18159}}, 'categorical_stats': {'Gender': {'values': {'2': 8354, '1': 9805}, 'count': 18159}, 'medical_insurance': {'values': {'1': 4531, '2': 12349, '7': 1175, '9': 68, '6': 30, '5': 5, '4': 1}, 'count': 18159}, 'payment_method': {'values': {'0': 12360, '1': 5799}, 'count': 18159}}, 'last_updated': '2025-04-07T13:56:26.404848'}
2025-04-07 14:56:26,424 - werkzeug - INFO - 127.0.0.1 - - [07/Apr/2025 14:56:26] "GET /api/data/overview HTTP/1.1" 200 -
2025-04-07 14:57:50,445 - __main__ - INFO - Connecting to MongoDB at mongodb://localhost:27017/medical_data
2025-04-07 14:57:50,446 - __main__ - INFO - Using database: medical_data
2025-04-07 14:57:50,455 - __main__ - INFO - MongoDB connection initialized successfully
2025-04-07 14:57:50,458 - __main__ - INFO - Starting Flask server...
2025-04-07 14:57:50,482 - werkzeug - INFO - [31m[1mWARNING: This is a development server. Do not use it in a production deployment. Use a production WSGI server instead.[0m
 * Running on http://127.0.0.1:5000
2025-04-07 14:57:50,482 - werkzeug - INFO - [33mPress CTRL+C to quit[0m
2025-04-07 14:58:09,169 - __main__ - INFO - Connecting to MongoDB at mongodb://localhost:27017/medical_data
2025-04-07 14:58:09,170 - __main__ - INFO - Using database: medical_data
2025-04-07 14:58:09,176 - __main__ - INFO - MongoDB connection initialized successfully
2025-04-07 14:58:09,184 - __main__ - INFO - Starting Flask server...
2025-04-07 14:58:09,211 - werkzeug - INFO - [31m[1mWARNING: This is a development server. Do not use it in a production deployment. Use a production WSGI server instead.[0m
 * Running on http://127.0.0.1:5000
2025-04-07 14:58:09,212 - werkzeug - INFO - [33mPress CTRL+C to quit[0m
2025-04-07 14:58:09,260 - routes.data_info - INFO - MongoDB URI: mongodb://localhost:27017/medical_data
2025-04-07 14:58:09,260 - routes.data_info - INFO - DB Name: medical_data
2025-04-07 14:58:09,261 - routes.data_info - INFO - Collection Name: MOESM1_ESM
2025-04-07 14:58:09,261 - routes.data_info - INFO - MongoDB connection established successfully
2025-04-07 14:58:09,289 - routes.data_info - INFO - Total patients in database: 18159
2025-04-07 14:58:09,291 - routes.data_info - INFO - First patient data: {"_id": {"$oid": "67e803e361b01410fa27faeb"}, "medical_insurance": 1, "payment_method": 0, "Body_Mass_Index": 17.6, "hypertension": 0, "coronary_heart_disease": 1, "diabetes": 0, "transient_ischemic_attack": 0, "peripheral_arterial_disease": 0, "Postoperative_sequelae": 0, "atrial_fibrillation": 1, "hyperlipidemia": 0, "hyperhomocysteinemia": 0, "epilepsy": 0, "respiratory_tract_infection": 0, "dizziness": 0, "trauma": 0, "hemiplegia": 0, "aphasia": 0, "cognitive_disorder": 15, "Mrs_admission": 2, "NIHSS_admission": 18, "Gender": 2, "age": 49, "marital_status": 1, "occupation": 2, "critical": 0, "operation": 0, "LOS": 2}
2025-04-07 14:58:09,296 - routes.data_info - INFO - Number of model versions: 2
2025-04-07 14:58:10,805 - routes.data_info - INFO - Stats for age: {'min': 10, 'max': 99, 'count': 18159}
2025-04-07 14:58:12,134 - routes.data_info - INFO - Stats for Body_Mass_Index: {'min': 17.01, 'max': 44.52, 'count': 18159}
2025-04-07 14:58:13,564 - routes.data_info - INFO - Stats for Mrs_admission: {'min': 0, 'max': 4, 'count': 18159}
2025-04-07 14:58:14,926 - routes.data_info - INFO - Stats for NIHSS_admission: {'min': 0, 'max': 23, 'count': 18159}
2025-04-07 14:58:16,269 - routes.data_info - INFO - Stats for Gender: {'values': {'2': 8354, '1': 9805}, 'count': 18159}
2025-04-07 14:58:17,709 - routes.data_info - INFO - Stats for medical_insurance: {'values': {'1': 4531, '2': 12349, '7': 1175, '9': 68, '6': 30, '5': 5, '4': 1}, 'count': 18159}
2025-04-07 14:58:19,102 - routes.data_info - INFO - Stats for payment_method: {'values': {'0': 12360, '1': 5799}, 'count': 18159}
2025-04-07 14:58:19,102 - routes.data_info - INFO - Sending response: {'total_patients': 18159, 'model_versions': [{'version': 'model_20250407_092518', 'feature_count': 6, 'features': ['Body_Mass_Index', 'hypertension', 'diabetes', 'hyperhomocysteinemia', 'hemiplegia', 'dizziness']}, {'version': 'model_20250406_223115', 'feature_count': 5, 'features': ['age', 'Body_Mass_Index', 'Mrs_admission', 'NIHSS_admission', 'Gender']}], 'numerical_stats': {'age': {'min': 10, 'max': 99, 'count': 18159}, 'Body_Mass_Index': {'min': 17.01, 'max': 44.52, 'count': 18159}, 'Mrs_admission': {'min': 0, 'max': 4, 'count': 18159}, 'NIHSS_admission': {'min': 0, 'max': 23, 'count': 18159}}, 'categorical_stats': {'Gender': {'values': {'2': 8354, '1': 9805}, 'count': 18159}, 'medical_insurance': {'values': {'1': 4531, '2': 12349, '7': 1175, '9': 68, '6': 30, '5': 5, '4': 1}, 'count': 18159}, 'payment_method': {'values': {'0': 12360, '1': 5799}, 'count': 18159}}, 'last_updated': '2025-04-07T13:58:19.102623'}
2025-04-07 14:58:19,114 - werkzeug - INFO - 127.0.0.1 - - [07/Apr/2025 14:58:19] "GET /api/data/overview HTTP/1.1" 200 -
2025-04-07 14:59:20,626 - routes.data_info - INFO - MongoDB URI: mongodb://localhost:27017/medical_data
2025-04-07 14:59:20,627 - routes.data_info - INFO - DB Name: medical_data
2025-04-07 14:59:20,627 - routes.data_info - INFO - Collection Name: MOESM1_ESM
2025-04-07 14:59:20,628 - routes.data_info - INFO - MongoDB connection established successfully
2025-04-07 14:59:20,636 - routes.data_info - INFO - Total patients in database: 18159
2025-04-07 14:59:20,639 - routes.data_info - INFO - First patient data: {"_id": {"$oid": "67e803e361b01410fa27faeb"}, "medical_insurance": 1, "payment_method": 0, "Body_Mass_Index": 17.6, "hypertension": 0, "coronary_heart_disease": 1, "diabetes": 0, "transient_ischemic_attack": 0, "peripheral_arterial_disease": 0, "Postoperative_sequelae": 0, "atrial_fibrillation": 1, "hyperlipidemia": 0, "hyperhomocysteinemia": 0, "epilepsy": 0, "respiratory_tract_infection": 0, "dizziness": 0, "trauma": 0, "hemiplegia": 0, "aphasia": 0, "cognitive_disorder": 15, "Mrs_admission": 2, "NIHSS_admission": 18, "Gender": 2, "age": 49, "marital_status": 1, "occupation": 2, "critical": 0, "operation": 0, "LOS": 2}
2025-04-07 14:59:20,640 - routes.data_info - INFO - Number of model versions: 2
2025-04-07 14:59:22,071 - routes.data_info - INFO - Stats for age: {'min': 10, 'max': 99, 'count': 18159}
2025-04-07 14:59:23,500 - routes.data_info - INFO - Stats for Body_Mass_Index: {'min': 17.01, 'max': 44.52, 'count': 18159}
2025-04-07 14:59:25,027 - routes.data_info - INFO - Stats for Mrs_admission: {'min': 0, 'max': 4, 'count': 18159}
2025-04-07 14:59:26,659 - routes.data_info - INFO - Stats for NIHSS_admission: {'min': 0, 'max': 23, 'count': 18159}
2025-04-07 14:59:28,439 - routes.data_info - INFO - Stats for Gender: {'values': {'2': 8354, '1': 9805}, 'count': 18159}
2025-04-07 14:59:30,113 - routes.data_info - INFO - Stats for medical_insurance: {'values': {'1': 4531, '2': 12349, '7': 1175, '9': 68, '6': 30, '5': 5, '4': 1}, 'count': 18159}
2025-04-07 14:59:31,634 - routes.data_info - INFO - Stats for payment_method: {'values': {'0': 12360, '1': 5799}, 'count': 18159}
2025-04-07 14:59:31,635 - routes.data_info - INFO - Sending response: {'total_patients': 18159, 'model_versions': [{'version': 'model_20250407_092518', 'feature_count': 6, 'features': ['Body_Mass_Index', 'hypertension', 'diabetes', 'hyperhomocysteinemia', 'hemiplegia', 'dizziness']}, {'version': 'model_20250406_223115', 'feature_count': 5, 'features': ['age', 'Body_Mass_Index', 'Mrs_admission', 'NIHSS_admission', 'Gender']}], 'numerical_stats': {'age': {'min': 10, 'max': 99, 'count': 18159}, 'Body_Mass_Index': {'min': 17.01, 'max': 44.52, 'count': 18159}, 'Mrs_admission': {'min': 0, 'max': 4, 'count': 18159}, 'NIHSS_admission': {'min': 0, 'max': 23, 'count': 18159}}, 'categorical_stats': {'Gender': {'values': {'2': 8354, '1': 9805}, 'count': 18159}, 'medical_insurance': {'values': {'1': 4531, '2': 12349, '7': 1175, '9': 68, '6': 30, '5': 5, '4': 1}, 'count': 18159}, 'payment_method': {'values': {'0': 12360, '1': 5799}, 'count': 18159}}, 'last_updated': '2025-04-07T13:59:31.635709'}
2025-04-07 14:59:31,650 - werkzeug - INFO - 127.0.0.1 - - [07/Apr/2025 14:59:31] "GET /api/data/overview HTTP/1.1" 200 -
2025-04-07 14:59:37,940 - werkzeug - INFO - 127.0.0.1 - - [07/Apr/2025 14:59:37] "GET /api/data/models HTTP/1.1" 200 -
2025-04-07 14:59:39,767 - werkzeug - INFO - 127.0.0.1 - - [07/Apr/2025 14:59:39] "GET /api/data/models HTTP/1.1" 200 -
2025-04-07 14:59:41,088 - routes.data_info - INFO - MongoDB URI: mongodb://localhost:27017/medical_data
2025-04-07 14:59:41,089 - routes.data_info - INFO - DB Name: medical_data
2025-04-07 14:59:41,090 - routes.data_info - INFO - Collection Name: MOESM1_ESM
2025-04-07 14:59:41,091 - routes.data_info - INFO - MongoDB connection established successfully
2025-04-07 14:59:41,102 - routes.data_info - INFO - Total patients in database: 18159
2025-04-07 14:59:41,105 - routes.data_info - INFO - First patient data: {"_id": {"$oid": "67e803e361b01410fa27faeb"}, "medical_insurance": 1, "payment_method": 0, "Body_Mass_Index": 17.6, "hypertension": 0, "coronary_heart_disease": 1, "diabetes": 0, "transient_ischemic_attack": 0, "peripheral_arterial_disease": 0, "Postoperative_sequelae": 0, "atrial_fibrillation": 1, "hyperlipidemia": 0, "hyperhomocysteinemia": 0, "epilepsy": 0, "respiratory_tract_infection": 0, "dizziness": 0, "trauma": 0, "hemiplegia": 0, "aphasia": 0, "cognitive_disorder": 15, "Mrs_admission": 2, "NIHSS_admission": 18, "Gender": 2, "age": 49, "marital_status": 1, "occupation": 2, "critical": 0, "operation": 0, "LOS": 2}
2025-04-07 14:59:41,108 - routes.data_info - INFO - Number of model versions: 2
2025-04-07 14:59:44,288 - routes.data_info - INFO - Stats for age: {'min': 10, 'max': 99, 'count': 18159}
2025-04-07 14:59:47,010 - routes.data_info - INFO - Stats for Body_Mass_Index: {'min': 17.01, 'max': 44.52, 'count': 18159}
2025-04-07 14:59:50,097 - routes.data_info - INFO - Stats for Mrs_admission: {'min': 0, 'max': 4, 'count': 18159}
2025-04-07 14:59:51,717 - werkzeug - INFO - 127.0.0.1 - - [07/Apr/2025 14:59:51] "OPTIONS /api/data/overview HTTP/1.1" 200 -
2025-04-07 14:59:52,982 - routes.data_info - INFO - Stats for NIHSS_admission: {'min': 0, 'max': 23, 'count': 18159}
2025-04-07 14:59:55,115 - werkzeug - INFO - 127.0.0.1 - - [07/Apr/2025 14:59:55] "OPTIONS /api/data/overview HTTP/1.1" 200 -
2025-04-07 14:59:55,868 - routes.data_info - INFO - Stats for Gender: {'values': {'2': 8354, '1': 9805}, 'count': 18159}
2025-04-07 14:59:56,425 - werkzeug - INFO - 127.0.0.1 - - [07/Apr/2025 14:59:56] "OPTIONS /api/data/overview HTTP/1.1" 200 -
2025-04-07 14:59:57,452 - werkzeug - INFO - 127.0.0.1 - - [07/Apr/2025 14:59:57] "OPTIONS /api/data/overview HTTP/1.1" 200 -
2025-04-07 14:59:58,172 - werkzeug - INFO - 127.0.0.1 - - [07/Apr/2025 14:59:58] "OPTIONS /api/data/overview HTTP/1.1" 200 -
2025-04-07 14:59:59,012 - routes.data_info - INFO - Stats for medical_insurance: {'values': {'1': 4531, '2': 12349, '7': 1175, '9': 68, '6': 30, '5': 5, '4': 1}, 'count': 18159}
2025-04-07 14:59:59,357 - werkzeug - INFO - 127.0.0.1 - - [07/Apr/2025 14:59:59] "OPTIONS /api/data/overview HTTP/1.1" 200 -
2025-04-07 15:00:01,669 - routes.data_info - INFO - Stats for payment_method: {'values': {'0': 12360, '1': 5799}, 'count': 18159}
2025-04-07 15:00:01,670 - routes.data_info - INFO - Sending response: {'total_patients': 18159, 'model_versions': [{'version': 'model_20250407_092518', 'feature_count': 6, 'features': ['Body_Mass_Index', 'hypertension', 'diabetes', 'hyperhomocysteinemia', 'hemiplegia', 'dizziness']}, {'version': 'model_20250406_223115', 'feature_count': 5, 'features': ['age', 'Body_Mass_Index', 'Mrs_admission', 'NIHSS_admission', 'Gender']}], 'numerical_stats': {'age': {'min': 10, 'max': 99, 'count': 18159}, 'Body_Mass_Index': {'min': 17.01, 'max': 44.52, 'count': 18159}, 'Mrs_admission': {'min': 0, 'max': 4, 'count': 18159}, 'NIHSS_admission': {'min': 0, 'max': 23, 'count': 18159}}, 'categorical_stats': {'Gender': {'values': {'2': 8354, '1': 9805}, 'count': 18159}, 'medical_insurance': {'values': {'1': 4531, '2': 12349, '7': 1175, '9': 68, '6': 30, '5': 5, '4': 1}, 'count': 18159}, 'payment_method': {'values': {'0': 12360, '1': 5799}, 'count': 18159}}, 'last_updated': '2025-04-07T14:00:01.670655'}
2025-04-07 15:00:01,700 - werkzeug - INFO - 127.0.0.1 - - [07/Apr/2025 15:00:01] "GET /api/data/overview HTTP/1.1" 200 -
2025-04-07 15:00:57,797 - __main__ - INFO - Connecting to MongoDB at mongodb://localhost:27017/medical_data
2025-04-07 15:00:57,798 - __main__ - INFO - Using database: medical_data
2025-04-07 15:00:57,806 - __main__ - INFO - MongoDB connection initialized successfully
2025-04-07 15:00:57,810 - __main__ - INFO - Starting Flask server...
2025-04-07 15:00:57,844 - werkzeug - INFO - [31m[1mWARNING: This is a development server. Do not use it in a production deployment. Use a production WSGI server instead.[0m
 * Running on http://127.0.0.1:5000
2025-04-07 15:00:57,844 - werkzeug - INFO - [33mPress CTRL+C to quit[0m
2025-04-07 15:01:03,463 - werkzeug - INFO - 127.0.0.1 - - [07/Apr/2025 15:01:03] "OPTIONS /api/data/overview HTTP/1.1" 200 -
2025-04-07 15:01:04,674 - werkzeug - INFO - 127.0.0.1 - - [07/Apr/2025 15:01:04] "OPTIONS /api/data/overview HTTP/1.1" 200 -
2025-04-07 15:01:05,659 - werkzeug - INFO - 127.0.0.1 - - [07/Apr/2025 15:01:05] "OPTIONS /api/data/overview HTTP/1.1" 200 -
2025-04-07 15:01:06,163 - werkzeug - INFO - 127.0.0.1 - - [07/Apr/2025 15:01:06] "OPTIONS /api/data/overview HTTP/1.1" 200 -
2025-04-07 15:01:07,047 - werkzeug - INFO - 127.0.0.1 - - [07/Apr/2025 15:01:07] "OPTIONS /api/data/overview HTTP/1.1" 200 -
2025-04-07 15:01:07,308 - werkzeug - INFO - 127.0.0.1 - - [07/Apr/2025 15:01:07] "OPTIONS /api/data/overview HTTP/1.1" 200 -
2025-04-07 15:01:07,556 - werkzeug - INFO - 127.0.0.1 - - [07/Apr/2025 15:01:07] "OPTIONS /api/data/overview HTTP/1.1" 200 -
2025-04-07 15:01:07,866 - werkzeug - INFO - 127.0.0.1 - - [07/Apr/2025 15:01:07] "OPTIONS /api/data/overview HTTP/1.1" 200 -
2025-04-07 15:01:08,431 - werkzeug - INFO - 127.0.0.1 - - [07/Apr/2025 15:01:08] "OPTIONS /api/data/overview HTTP/1.1" 200 -
2025-04-07 15:01:08,695 - werkzeug - INFO - 127.0.0.1 - - [07/Apr/2025 15:01:08] "OPTIONS /api/data/overview HTTP/1.1" 200 -
2025-04-07 15:01:51,542 - __main__ - INFO - Connecting to MongoDB at mongodb://localhost:27017/medical_data
2025-04-07 15:01:51,543 - __main__ - INFO - Using database: medical_data
2025-04-07 15:01:51,563 - __main__ - INFO - MongoDB connection initialized successfully
2025-04-07 15:01:51,567 - __main__ - INFO - Starting Flask server...
2025-04-07 15:01:51,593 - werkzeug - INFO - [31m[1mWARNING: This is a development server. Do not use it in a production deployment. Use a production WSGI server instead.[0m
 * Running on http://127.0.0.1:5000
2025-04-07 15:01:51,593 - werkzeug - INFO - [33mPress CTRL+C to quit[0m
2025-04-07 15:03:35,060 - werkzeug - INFO - 127.0.0.1 - - [07/Apr/2025 15:03:35] "OPTIONS /api/data/overview HTTP/1.1" 200 -
2025-04-07 15:04:05,120 - werkzeug - INFO - 127.0.0.1 - - [07/Apr/2025 15:04:05] "OPTIONS /api/data/overview HTTP/1.1" 200 -
2025-04-07 15:04:06,091 - werkzeug - INFO - 127.0.0.1 - - [07/Apr/2025 15:04:06] "OPTIONS /api/data/overview HTTP/1.1" 200 -
2025-04-07 15:04:39,448 - routes.data_info - INFO - MongoDB URI: mongodb://localhost:27017/medical_data
2025-04-07 15:04:39,449 - routes.data_info - INFO - DB Name: medical_data
2025-04-07 15:04:39,450 - routes.data_info - INFO - Collection Name: MOESM1_ESM
2025-04-07 15:04:39,451 - routes.data_info - INFO - MongoDB connection established successfully
2025-04-07 15:04:39,473 - routes.data_info - INFO - Total patients in database: 18159
2025-04-07 15:04:39,477 - routes.data_info - INFO - First patient data: {"_id": {"$oid": "67e803e361b01410fa27faeb"}, "medical_insurance": 1, "payment_method": 0, "Body_Mass_Index": 17.6, "hypertension": 0, "coronary_heart_disease": 1, "diabetes": 0, "transient_ischemic_attack": 0, "peripheral_arterial_disease": 0, "Postoperative_sequelae": 0, "atrial_fibrillation": 1, "hyperlipidemia": 0, "hyperhomocysteinemia": 0, "epilepsy": 0, "respiratory_tract_infection": 0, "dizziness": 0, "trauma": 0, "hemiplegia": 0, "aphasia": 0, "cognitive_disorder": 15, "Mrs_admission": 2, "NIHSS_admission": 18, "Gender": 2, "age": 49, "marital_status": 1, "occupation": 2, "critical": 0, "operation": 0, "LOS": 2}
2025-04-07 15:04:39,484 - routes.data_info - INFO - Number of model versions: 2
2025-04-07 15:04:50,480 - routes.data_info - INFO - Stats for age: {'min': 10, 'max': 99, 'count': 18159}
2025-04-07 15:05:06,342 - routes.data_info - INFO - Stats for Body_Mass_Index: {'min': 17.01, 'max': 44.52, 'count': 18159}
2025-04-07 15:05:14,610 - routes.data_info - INFO - Stats for Mrs_admission: {'min': 0, 'max': 4, 'count': 18159}
2025-04-07 15:05:22,441 - routes.data_info - INFO - Stats for NIHSS_admission: {'min': 0, 'max': 23, 'count': 18159}
2025-04-07 15:05:27,380 - routes.data_info - INFO - Stats for Gender: {'values': {'2': 8354, '1': 9805}, 'count': 18159}
2025-04-07 15:05:32,028 - routes.data_info - INFO - Stats for medical_insurance: {'values': {'1': 4531, '2': 12349, '7': 1175, '9': 68, '6': 30, '5': 5, '4': 1}, 'count': 18159}
2025-04-07 15:05:33,744 - routes.data_info - INFO - Stats for payment_method: {'values': {'0': 12360, '1': 5799}, 'count': 18159}
2025-04-07 15:05:33,744 - routes.data_info - INFO - Sending response: {'total_patients': 18159, 'model_versions': [{'version': 'model_20250407_092518', 'feature_count': 6, 'features': ['Body_Mass_Index', 'hypertension', 'diabetes', 'hyperhomocysteinemia', 'hemiplegia', 'dizziness']}, {'version': 'model_20250406_223115', 'feature_count': 5, 'features': ['age', 'Body_Mass_Index', 'Mrs_admission', 'NIHSS_admission', 'Gender']}], 'numerical_stats': {'age': {'min': 10, 'max': 99, 'count': 18159}, 'Body_Mass_Index': {'min': 17.01, 'max': 44.52, 'count': 18159}, 'Mrs_admission': {'min': 0, 'max': 4, 'count': 18159}, 'NIHSS_admission': {'min': 0, 'max': 23, 'count': 18159}}, 'categorical_stats': {'Gender': {'values': {'2': 8354, '1': 9805}, 'count': 18159}, 'medical_insurance': {'values': {'1': 4531, '2': 12349, '7': 1175, '9': 68, '6': 30, '5': 5, '4': 1}, 'count': 18159}, 'payment_method': {'values': {'0': 12360, '1': 5799}, 'count': 18159}}, 'last_updated': '2025-04-07T14:05:33.744543'}
2025-04-07 15:05:33,760 - werkzeug - INFO - 127.0.0.1 - - [07/Apr/2025 15:05:33] "GET /api/data/overview HTTP/1.1" 200 -
2025-04-07 15:07:11,973 - werkzeug - INFO - 127.0.0.1 - - [07/Apr/2025 15:07:11] "OPTIONS /api/data/overview HTTP/1.1" 200 -
2025-04-07 15:07:38,415 - __main__ - ERROR - An error occurred: 404 Not Found: The requested URL was not found on the server. If you entered the URL manually please check your spelling and try again.
2025-04-07 15:07:38,416 - __main__ - ERROR - An error occurred: 404 Not Found: The requested URL was not found on the server. If you entered the URL manually please check your spelling and try again.
2025-04-07 15:07:38,424 - __main__ - ERROR - An error occurred: 404 Not Found: The requested URL was not found on the server. If you entered the URL manually please check your spelling and try again.
2025-04-07 15:07:38,435 - __main__ - ERROR - An error occurred: 404 Not Found: The requested URL was not found on the server. If you entered the URL manually please check your spelling and try again.
2025-04-07 15:07:38,443 - __main__ - ERROR - Traceback (most recent call last):
  File "C:\Users\21652\patient-risk-analyzer\venv\Lib\site-packages\flask\app.py", line 1823, in full_dispatch_request
    rv = self.dispatch_request()
         ^^^^^^^^^^^^^^^^^^^^^^^
  File "C:\Users\21652\patient-risk-analyzer\venv\Lib\site-packages\flask\app.py", line 1788, in dispatch_request
    self.raise_routing_exception(req)
  File "C:\Users\21652\patient-risk-analyzer\venv\Lib\site-packages\flask\app.py", line 1770, in raise_routing_exception
    raise request.routing_exception  # type: ignore
    ^^^^^^^^^^^^^^^^^^^^^^^^^^^^^^^
  File "C:\Users\21652\patient-risk-analyzer\venv\Lib\site-packages\flask\ctx.py", line 351, in match_request
    result = self.url_adapter.match(return_rule=True)  # type: ignore
             ^^^^^^^^^^^^^^^^^^^^^^^^^^^^^^^^^^^^^^^^
  File "C:\Users\21652\patient-risk-analyzer\venv\Lib\site-packages\werkzeug\routing\map.py", line 629, in match
    raise NotFound() from None
werkzeug.exceptions.NotFound: 404 Not Found: The requested URL was not found on the server. If you entered the URL manually please check your spelling and try again.

2025-04-07 15:07:38,445 - __main__ - ERROR - Traceback (most recent call last):
  File "C:\Users\21652\patient-risk-analyzer\venv\Lib\site-packages\flask\app.py", line 1823, in full_dispatch_request
    rv = self.dispatch_request()
         ^^^^^^^^^^^^^^^^^^^^^^^
  File "C:\Users\21652\patient-risk-analyzer\venv\Lib\site-packages\flask\app.py", line 1788, in dispatch_request
    self.raise_routing_exception(req)
  File "C:\Users\21652\patient-risk-analyzer\venv\Lib\site-packages\flask\app.py", line 1770, in raise_routing_exception
    raise request.routing_exception  # type: ignore
    ^^^^^^^^^^^^^^^^^^^^^^^^^^^^^^^
  File "C:\Users\21652\patient-risk-analyzer\venv\Lib\site-packages\flask\ctx.py", line 351, in match_request
    result = self.url_adapter.match(return_rule=True)  # type: ignore
             ^^^^^^^^^^^^^^^^^^^^^^^^^^^^^^^^^^^^^^^^
  File "C:\Users\21652\patient-risk-analyzer\venv\Lib\site-packages\werkzeug\routing\map.py", line 629, in match
    raise NotFound() from None
werkzeug.exceptions.NotFound: 404 Not Found: The requested URL was not found on the server. If you entered the URL manually please check your spelling and try again.

2025-04-07 15:07:38,449 - __main__ - ERROR - An error occurred: 404 Not Found: The requested URL was not found on the server. If you entered the URL manually please check your spelling and try again.
2025-04-07 15:07:38,452 - __main__ - ERROR - Traceback (most recent call last):
  File "C:\Users\21652\patient-risk-analyzer\venv\Lib\site-packages\flask\app.py", line 1823, in full_dispatch_request
    rv = self.dispatch_request()
         ^^^^^^^^^^^^^^^^^^^^^^^
  File "C:\Users\21652\patient-risk-analyzer\venv\Lib\site-packages\flask\app.py", line 1788, in dispatch_request
    self.raise_routing_exception(req)
  File "C:\Users\21652\patient-risk-analyzer\venv\Lib\site-packages\flask\app.py", line 1770, in raise_routing_exception
    raise request.routing_exception  # type: ignore
    ^^^^^^^^^^^^^^^^^^^^^^^^^^^^^^^
  File "C:\Users\21652\patient-risk-analyzer\venv\Lib\site-packages\flask\ctx.py", line 351, in match_request
    result = self.url_adapter.match(return_rule=True)  # type: ignore
             ^^^^^^^^^^^^^^^^^^^^^^^^^^^^^^^^^^^^^^^^
  File "C:\Users\21652\patient-risk-analyzer\venv\Lib\site-packages\werkzeug\routing\map.py", line 629, in match
    raise NotFound() from None
werkzeug.exceptions.NotFound: 404 Not Found: The requested URL was not found on the server. If you entered the URL manually please check your spelling and try again.

2025-04-07 15:07:38,453 - __main__ - ERROR - Traceback (most recent call last):
  File "C:\Users\21652\patient-risk-analyzer\venv\Lib\site-packages\flask\app.py", line 1823, in full_dispatch_request
    rv = self.dispatch_request()
         ^^^^^^^^^^^^^^^^^^^^^^^
  File "C:\Users\21652\patient-risk-analyzer\venv\Lib\site-packages\flask\app.py", line 1788, in dispatch_request
    self.raise_routing_exception(req)
  File "C:\Users\21652\patient-risk-analyzer\venv\Lib\site-packages\flask\app.py", line 1770, in raise_routing_exception
    raise request.routing_exception  # type: ignore
    ^^^^^^^^^^^^^^^^^^^^^^^^^^^^^^^
  File "C:\Users\21652\patient-risk-analyzer\venv\Lib\site-packages\flask\ctx.py", line 351, in match_request
    result = self.url_adapter.match(return_rule=True)  # type: ignore
             ^^^^^^^^^^^^^^^^^^^^^^^^^^^^^^^^^^^^^^^^
  File "C:\Users\21652\patient-risk-analyzer\venv\Lib\site-packages\werkzeug\routing\map.py", line 629, in match
    raise NotFound() from None
werkzeug.exceptions.NotFound: 404 Not Found: The requested URL was not found on the server. If you entered the URL manually please check your spelling and try again.

2025-04-07 15:07:38,459 - werkzeug - INFO - 127.0.0.1 - - [07/Apr/2025 15:07:38] "[35m[1mOPTIONS /api/monitoring/metrics?timeframe=7days HTTP/1.1[0m" 500 -
2025-04-07 15:07:38,462 - werkzeug - INFO - 127.0.0.1 - - [07/Apr/2025 15:07:38] "[35m[1mOPTIONS /api/monitoring/prediction-by-time?timeframe=7days HTTP/1.1[0m" 500 -
2025-04-07 15:07:38,465 - __main__ - ERROR - Traceback (most recent call last):
  File "C:\Users\21652\patient-risk-analyzer\venv\Lib\site-packages\flask\app.py", line 1823, in full_dispatch_request
    rv = self.dispatch_request()
         ^^^^^^^^^^^^^^^^^^^^^^^
  File "C:\Users\21652\patient-risk-analyzer\venv\Lib\site-packages\flask\app.py", line 1788, in dispatch_request
    self.raise_routing_exception(req)
  File "C:\Users\21652\patient-risk-analyzer\venv\Lib\site-packages\flask\app.py", line 1770, in raise_routing_exception
    raise request.routing_exception  # type: ignore
    ^^^^^^^^^^^^^^^^^^^^^^^^^^^^^^^
  File "C:\Users\21652\patient-risk-analyzer\venv\Lib\site-packages\flask\ctx.py", line 351, in match_request
    result = self.url_adapter.match(return_rule=True)  # type: ignore
             ^^^^^^^^^^^^^^^^^^^^^^^^^^^^^^^^^^^^^^^^
  File "C:\Users\21652\patient-risk-analyzer\venv\Lib\site-packages\werkzeug\routing\map.py", line 629, in match
    raise NotFound() from None
werkzeug.exceptions.NotFound: 404 Not Found: The requested URL was not found on the server. If you entered the URL manually please check your spelling and try again.

2025-04-07 15:07:38,470 - werkzeug - INFO - 127.0.0.1 - - [07/Apr/2025 15:07:38] "[35m[1mOPTIONS /api/monitoring/performance?timeframe=7days HTTP/1.1[0m" 500 -
2025-04-07 15:07:38,483 - werkzeug - INFO - 127.0.0.1 - - [07/Apr/2025 15:07:38] "[35m[1mOPTIONS /api/monitoring/drift?timeframe=7days HTTP/1.1[0m" 500 -
2025-04-07 15:07:38,489 - werkzeug - INFO - 127.0.0.1 - - [07/Apr/2025 15:07:38] "[35m[1mOPTIONS /api/monitoring/los-distribution?timeframe=7days HTTP/1.1[0m" 500 -
2025-04-07 15:07:38,679 - __main__ - ERROR - An error occurred: 404 Not Found: The requested URL was not found on the server. If you entered the URL manually please check your spelling and try again.
2025-04-07 15:07:38,683 - __main__ - ERROR - Traceback (most recent call last):
  File "C:\Users\21652\patient-risk-analyzer\venv\Lib\site-packages\flask\app.py", line 1823, in full_dispatch_request
    rv = self.dispatch_request()
         ^^^^^^^^^^^^^^^^^^^^^^^
  File "C:\Users\21652\patient-risk-analyzer\venv\Lib\site-packages\flask\app.py", line 1788, in dispatch_request
    self.raise_routing_exception(req)
  File "C:\Users\21652\patient-risk-analyzer\venv\Lib\site-packages\flask\app.py", line 1770, in raise_routing_exception
    raise request.routing_exception  # type: ignore
    ^^^^^^^^^^^^^^^^^^^^^^^^^^^^^^^
  File "C:\Users\21652\patient-risk-analyzer\venv\Lib\site-packages\flask\ctx.py", line 351, in match_request
    result = self.url_adapter.match(return_rule=True)  # type: ignore
             ^^^^^^^^^^^^^^^^^^^^^^^^^^^^^^^^^^^^^^^^
  File "C:\Users\21652\patient-risk-analyzer\venv\Lib\site-packages\werkzeug\routing\map.py", line 629, in match
    raise NotFound() from None
werkzeug.exceptions.NotFound: 404 Not Found: The requested URL was not found on the server. If you entered the URL manually please check your spelling and try again.

2025-04-07 15:07:38,690 - werkzeug - INFO - 127.0.0.1 - - [07/Apr/2025 15:07:38] "[35m[1mGET /api/monitoring/metrics?timeframe=7days HTTP/1.1[0m" 500 -
2025-04-07 15:07:38,783 - __main__ - ERROR - An error occurred: 404 Not Found: The requested URL was not found on the server. If you entered the URL manually please check your spelling and try again.
2025-04-07 15:07:38,787 - __main__ - ERROR - An error occurred: 404 Not Found: The requested URL was not found on the server. If you entered the URL manually please check your spelling and try again.
2025-04-07 15:07:38,789 - __main__ - ERROR - Traceback (most recent call last):
  File "C:\Users\21652\patient-risk-analyzer\venv\Lib\site-packages\flask\app.py", line 1823, in full_dispatch_request
    rv = self.dispatch_request()
         ^^^^^^^^^^^^^^^^^^^^^^^
  File "C:\Users\21652\patient-risk-analyzer\venv\Lib\site-packages\flask\app.py", line 1788, in dispatch_request
    self.raise_routing_exception(req)
  File "C:\Users\21652\patient-risk-analyzer\venv\Lib\site-packages\flask\app.py", line 1770, in raise_routing_exception
    raise request.routing_exception  # type: ignore
    ^^^^^^^^^^^^^^^^^^^^^^^^^^^^^^^
  File "C:\Users\21652\patient-risk-analyzer\venv\Lib\site-packages\flask\ctx.py", line 351, in match_request
    result = self.url_adapter.match(return_rule=True)  # type: ignore
             ^^^^^^^^^^^^^^^^^^^^^^^^^^^^^^^^^^^^^^^^
  File "C:\Users\21652\patient-risk-analyzer\venv\Lib\site-packages\werkzeug\routing\map.py", line 629, in match
    raise NotFound() from None
werkzeug.exceptions.NotFound: 404 Not Found: The requested URL was not found on the server. If you entered the URL manually please check your spelling and try again.

2025-04-07 15:07:38,795 - __main__ - ERROR - Traceback (most recent call last):
  File "C:\Users\21652\patient-risk-analyzer\venv\Lib\site-packages\flask\app.py", line 1823, in full_dispatch_request
    rv = self.dispatch_request()
         ^^^^^^^^^^^^^^^^^^^^^^^
  File "C:\Users\21652\patient-risk-analyzer\venv\Lib\site-packages\flask\app.py", line 1788, in dispatch_request
    self.raise_routing_exception(req)
  File "C:\Users\21652\patient-risk-analyzer\venv\Lib\site-packages\flask\app.py", line 1770, in raise_routing_exception
    raise request.routing_exception  # type: ignore
    ^^^^^^^^^^^^^^^^^^^^^^^^^^^^^^^
  File "C:\Users\21652\patient-risk-analyzer\venv\Lib\site-packages\flask\ctx.py", line 351, in match_request
    result = self.url_adapter.match(return_rule=True)  # type: ignore
             ^^^^^^^^^^^^^^^^^^^^^^^^^^^^^^^^^^^^^^^^
  File "C:\Users\21652\patient-risk-analyzer\venv\Lib\site-packages\werkzeug\routing\map.py", line 629, in match
    raise NotFound() from None
werkzeug.exceptions.NotFound: 404 Not Found: The requested URL was not found on the server. If you entered the URL manually please check your spelling and try again.

2025-04-07 15:07:38,802 - werkzeug - INFO - 127.0.0.1 - - [07/Apr/2025 15:07:38] "[35m[1mGET /api/monitoring/prediction-by-time?timeframe=7days HTTP/1.1[0m" 500 -
2025-04-07 15:07:38,807 - werkzeug - INFO - 127.0.0.1 - - [07/Apr/2025 15:07:38] "[35m[1mGET /api/monitoring/performance?timeframe=7days HTTP/1.1[0m" 500 -
2025-04-07 15:07:38,809 - __main__ - ERROR - An error occurred: 404 Not Found: The requested URL was not found on the server. If you entered the URL manually please check your spelling and try again.
2025-04-07 15:07:38,826 - __main__ - ERROR - An error occurred: 404 Not Found: The requested URL was not found on the server. If you entered the URL manually please check your spelling and try again.
2025-04-07 15:07:38,837 - __main__ - ERROR - Traceback (most recent call last):
  File "C:\Users\21652\patient-risk-analyzer\venv\Lib\site-packages\flask\app.py", line 1823, in full_dispatch_request
    rv = self.dispatch_request()
         ^^^^^^^^^^^^^^^^^^^^^^^
  File "C:\Users\21652\patient-risk-analyzer\venv\Lib\site-packages\flask\app.py", line 1788, in dispatch_request
    self.raise_routing_exception(req)
  File "C:\Users\21652\patient-risk-analyzer\venv\Lib\site-packages\flask\app.py", line 1770, in raise_routing_exception
    raise request.routing_exception  # type: ignore
    ^^^^^^^^^^^^^^^^^^^^^^^^^^^^^^^
  File "C:\Users\21652\patient-risk-analyzer\venv\Lib\site-packages\flask\ctx.py", line 351, in match_request
    result = self.url_adapter.match(return_rule=True)  # type: ignore
             ^^^^^^^^^^^^^^^^^^^^^^^^^^^^^^^^^^^^^^^^
  File "C:\Users\21652\patient-risk-analyzer\venv\Lib\site-packages\werkzeug\routing\map.py", line 629, in match
    raise NotFound() from None
werkzeug.exceptions.NotFound: 404 Not Found: The requested URL was not found on the server. If you entered the URL manually please check your spelling and try again.

2025-04-07 15:07:38,846 - __main__ - ERROR - Traceback (most recent call last):
  File "C:\Users\21652\patient-risk-analyzer\venv\Lib\site-packages\flask\app.py", line 1823, in full_dispatch_request
    rv = self.dispatch_request()
         ^^^^^^^^^^^^^^^^^^^^^^^
  File "C:\Users\21652\patient-risk-analyzer\venv\Lib\site-packages\flask\app.py", line 1788, in dispatch_request
    self.raise_routing_exception(req)
  File "C:\Users\21652\patient-risk-analyzer\venv\Lib\site-packages\flask\app.py", line 1770, in raise_routing_exception
    raise request.routing_exception  # type: ignore
    ^^^^^^^^^^^^^^^^^^^^^^^^^^^^^^^
  File "C:\Users\21652\patient-risk-analyzer\venv\Lib\site-packages\flask\ctx.py", line 351, in match_request
    result = self.url_adapter.match(return_rule=True)  # type: ignore
             ^^^^^^^^^^^^^^^^^^^^^^^^^^^^^^^^^^^^^^^^
  File "C:\Users\21652\patient-risk-analyzer\venv\Lib\site-packages\werkzeug\routing\map.py", line 629, in match
    raise NotFound() from None
werkzeug.exceptions.NotFound: 404 Not Found: The requested URL was not found on the server. If you entered the URL manually please check your spelling and try again.

2025-04-07 15:07:38,857 - werkzeug - INFO - 127.0.0.1 - - [07/Apr/2025 15:07:38] "[35m[1mGET /api/monitoring/los-distribution?timeframe=7days HTTP/1.1[0m" 500 -
2025-04-07 15:07:38,866 - werkzeug - INFO - 127.0.0.1 - - [07/Apr/2025 15:07:38] "[35m[1mGET /api/monitoring/drift?timeframe=7days HTTP/1.1[0m" 500 -
2025-04-07 15:07:41,915 - __main__ - ERROR - An error occurred: 404 Not Found: The requested URL was not found on the server. If you entered the URL manually please check your spelling and try again.
2025-04-07 15:07:41,918 - __main__ - ERROR - Traceback (most recent call last):
  File "C:\Users\21652\patient-risk-analyzer\venv\Lib\site-packages\flask\app.py", line 1823, in full_dispatch_request
    rv = self.dispatch_request()
         ^^^^^^^^^^^^^^^^^^^^^^^
  File "C:\Users\21652\patient-risk-analyzer\venv\Lib\site-packages\flask\app.py", line 1788, in dispatch_request
    self.raise_routing_exception(req)
  File "C:\Users\21652\patient-risk-analyzer\venv\Lib\site-packages\flask\app.py", line 1770, in raise_routing_exception
    raise request.routing_exception  # type: ignore
    ^^^^^^^^^^^^^^^^^^^^^^^^^^^^^^^
  File "C:\Users\21652\patient-risk-analyzer\venv\Lib\site-packages\flask\ctx.py", line 351, in match_request
    result = self.url_adapter.match(return_rule=True)  # type: ignore
             ^^^^^^^^^^^^^^^^^^^^^^^^^^^^^^^^^^^^^^^^
  File "C:\Users\21652\patient-risk-analyzer\venv\Lib\site-packages\werkzeug\routing\map.py", line 629, in match
    raise NotFound() from None
werkzeug.exceptions.NotFound: 404 Not Found: The requested URL was not found on the server. If you entered the URL manually please check your spelling and try again.

2025-04-07 15:07:41,922 - werkzeug - INFO - 127.0.0.1 - - [07/Apr/2025 15:07:41] "[35m[1mOPTIONS /api/monitoring/metrics?timeframe=7days HTTP/1.1[0m" 500 -
2025-04-07 15:07:42,222 - __main__ - ERROR - An error occurred: 404 Not Found: The requested URL was not found on the server. If you entered the URL manually please check your spelling and try again.
2025-04-07 15:07:42,223 - __main__ - ERROR - An error occurred: 404 Not Found: The requested URL was not found on the server. If you entered the URL manually please check your spelling and try again.
2025-04-07 15:07:42,228 - __main__ - ERROR - An error occurred: 404 Not Found: The requested URL was not found on the server. If you entered the URL manually please check your spelling and try again.
2025-04-07 15:07:42,229 - __main__ - ERROR - An error occurred: 404 Not Found: The requested URL was not found on the server. If you entered the URL manually please check your spelling and try again.
2025-04-07 15:07:42,230 - __main__ - ERROR - Traceback (most recent call last):
  File "C:\Users\21652\patient-risk-analyzer\venv\Lib\site-packages\flask\app.py", line 1823, in full_dispatch_request
    rv = self.dispatch_request()
         ^^^^^^^^^^^^^^^^^^^^^^^
  File "C:\Users\21652\patient-risk-analyzer\venv\Lib\site-packages\flask\app.py", line 1788, in dispatch_request
    self.raise_routing_exception(req)
  File "C:\Users\21652\patient-risk-analyzer\venv\Lib\site-packages\flask\app.py", line 1770, in raise_routing_exception
    raise request.routing_exception  # type: ignore
    ^^^^^^^^^^^^^^^^^^^^^^^^^^^^^^^
  File "C:\Users\21652\patient-risk-analyzer\venv\Lib\site-packages\flask\ctx.py", line 351, in match_request
    result = self.url_adapter.match(return_rule=True)  # type: ignore
             ^^^^^^^^^^^^^^^^^^^^^^^^^^^^^^^^^^^^^^^^
  File "C:\Users\21652\patient-risk-analyzer\venv\Lib\site-packages\werkzeug\routing\map.py", line 629, in match
    raise NotFound() from None
werkzeug.exceptions.NotFound: 404 Not Found: The requested URL was not found on the server. If you entered the URL manually please check your spelling and try again.

2025-04-07 15:07:42,238 - __main__ - ERROR - Traceback (most recent call last):
  File "C:\Users\21652\patient-risk-analyzer\venv\Lib\site-packages\flask\app.py", line 1823, in full_dispatch_request
    rv = self.dispatch_request()
         ^^^^^^^^^^^^^^^^^^^^^^^
  File "C:\Users\21652\patient-risk-analyzer\venv\Lib\site-packages\flask\app.py", line 1788, in dispatch_request
    self.raise_routing_exception(req)
  File "C:\Users\21652\patient-risk-analyzer\venv\Lib\site-packages\flask\app.py", line 1770, in raise_routing_exception
    raise request.routing_exception  # type: ignore
    ^^^^^^^^^^^^^^^^^^^^^^^^^^^^^^^
  File "C:\Users\21652\patient-risk-analyzer\venv\Lib\site-packages\flask\ctx.py", line 351, in match_request
    result = self.url_adapter.match(return_rule=True)  # type: ignore
             ^^^^^^^^^^^^^^^^^^^^^^^^^^^^^^^^^^^^^^^^
  File "C:\Users\21652\patient-risk-analyzer\venv\Lib\site-packages\werkzeug\routing\map.py", line 629, in match
    raise NotFound() from None
werkzeug.exceptions.NotFound: 404 Not Found: The requested URL was not found on the server. If you entered the URL manually please check your spelling and try again.

2025-04-07 15:07:42,240 - __main__ - ERROR - Traceback (most recent call last):
  File "C:\Users\21652\patient-risk-analyzer\venv\Lib\site-packages\flask\app.py", line 1823, in full_dispatch_request
    rv = self.dispatch_request()
         ^^^^^^^^^^^^^^^^^^^^^^^
  File "C:\Users\21652\patient-risk-analyzer\venv\Lib\site-packages\flask\app.py", line 1788, in dispatch_request
    self.raise_routing_exception(req)
  File "C:\Users\21652\patient-risk-analyzer\venv\Lib\site-packages\flask\app.py", line 1770, in raise_routing_exception
    raise request.routing_exception  # type: ignore
    ^^^^^^^^^^^^^^^^^^^^^^^^^^^^^^^
  File "C:\Users\21652\patient-risk-analyzer\venv\Lib\site-packages\flask\ctx.py", line 351, in match_request
    result = self.url_adapter.match(return_rule=True)  # type: ignore
             ^^^^^^^^^^^^^^^^^^^^^^^^^^^^^^^^^^^^^^^^
  File "C:\Users\21652\patient-risk-analyzer\venv\Lib\site-packages\werkzeug\routing\map.py", line 629, in match
    raise NotFound() from None
werkzeug.exceptions.NotFound: 404 Not Found: The requested URL was not found on the server. If you entered the URL manually please check your spelling and try again.

2025-04-07 15:07:42,244 - __main__ - ERROR - Traceback (most recent call last):
  File "C:\Users\21652\patient-risk-analyzer\venv\Lib\site-packages\flask\app.py", line 1823, in full_dispatch_request
    rv = self.dispatch_request()
         ^^^^^^^^^^^^^^^^^^^^^^^
  File "C:\Users\21652\patient-risk-analyzer\venv\Lib\site-packages\flask\app.py", line 1788, in dispatch_request
    self.raise_routing_exception(req)
  File "C:\Users\21652\patient-risk-analyzer\venv\Lib\site-packages\flask\app.py", line 1770, in raise_routing_exception
    raise request.routing_exception  # type: ignore
    ^^^^^^^^^^^^^^^^^^^^^^^^^^^^^^^
  File "C:\Users\21652\patient-risk-analyzer\venv\Lib\site-packages\flask\ctx.py", line 351, in match_request
    result = self.url_adapter.match(return_rule=True)  # type: ignore
             ^^^^^^^^^^^^^^^^^^^^^^^^^^^^^^^^^^^^^^^^
  File "C:\Users\21652\patient-risk-analyzer\venv\Lib\site-packages\werkzeug\routing\map.py", line 629, in match
    raise NotFound() from None
werkzeug.exceptions.NotFound: 404 Not Found: The requested URL was not found on the server. If you entered the URL manually please check your spelling and try again.

2025-04-07 15:07:42,249 - werkzeug - INFO - 127.0.0.1 - - [07/Apr/2025 15:07:42] "[35m[1mGET /api/monitoring/metrics?timeframe=7days HTTP/1.1[0m" 500 -
2025-04-07 15:07:42,263 - werkzeug - INFO - 127.0.0.1 - - [07/Apr/2025 15:07:42] "[35m[1mOPTIONS /api/monitoring/performance?timeframe=7days HTTP/1.1[0m" 500 -
2025-04-07 15:07:42,270 - __main__ - ERROR - An error occurred: 404 Not Found: The requested URL was not found on the server. If you entered the URL manually please check your spelling and try again.
2025-04-07 15:07:42,274 - werkzeug - INFO - 127.0.0.1 - - [07/Apr/2025 15:07:42] "[35m[1mOPTIONS /api/monitoring/drift?timeframe=7days HTTP/1.1[0m" 500 -
2025-04-07 15:07:42,278 - werkzeug - INFO - 127.0.0.1 - - [07/Apr/2025 15:07:42] "[35m[1mOPTIONS /api/monitoring/prediction-by-time?timeframe=7days HTTP/1.1[0m" 500 -
2025-04-07 15:07:42,293 - __main__ - ERROR - Traceback (most recent call last):
  File "C:\Users\21652\patient-risk-analyzer\venv\Lib\site-packages\flask\app.py", line 1823, in full_dispatch_request
    rv = self.dispatch_request()
         ^^^^^^^^^^^^^^^^^^^^^^^
  File "C:\Users\21652\patient-risk-analyzer\venv\Lib\site-packages\flask\app.py", line 1788, in dispatch_request
    self.raise_routing_exception(req)
  File "C:\Users\21652\patient-risk-analyzer\venv\Lib\site-packages\flask\app.py", line 1770, in raise_routing_exception
    raise request.routing_exception  # type: ignore
    ^^^^^^^^^^^^^^^^^^^^^^^^^^^^^^^
  File "C:\Users\21652\patient-risk-analyzer\venv\Lib\site-packages\flask\ctx.py", line 351, in match_request
    result = self.url_adapter.match(return_rule=True)  # type: ignore
             ^^^^^^^^^^^^^^^^^^^^^^^^^^^^^^^^^^^^^^^^
  File "C:\Users\21652\patient-risk-analyzer\venv\Lib\site-packages\werkzeug\routing\map.py", line 629, in match
    raise NotFound() from None
werkzeug.exceptions.NotFound: 404 Not Found: The requested URL was not found on the server. If you entered the URL manually please check your spelling and try again.

2025-04-07 15:07:42,308 - werkzeug - INFO - 127.0.0.1 - - [07/Apr/2025 15:07:42] "[35m[1mOPTIONS /api/monitoring/los-distribution?timeframe=7days HTTP/1.1[0m" 500 -
2025-04-07 15:07:42,528 - __main__ - ERROR - An error occurred: 404 Not Found: The requested URL was not found on the server. If you entered the URL manually please check your spelling and try again.
2025-04-07 15:07:42,533 - __main__ - ERROR - Traceback (most recent call last):
  File "C:\Users\21652\patient-risk-analyzer\venv\Lib\site-packages\flask\app.py", line 1823, in full_dispatch_request
    rv = self.dispatch_request()
         ^^^^^^^^^^^^^^^^^^^^^^^
  File "C:\Users\21652\patient-risk-analyzer\venv\Lib\site-packages\flask\app.py", line 1788, in dispatch_request
    self.raise_routing_exception(req)
  File "C:\Users\21652\patient-risk-analyzer\venv\Lib\site-packages\flask\app.py", line 1770, in raise_routing_exception
    raise request.routing_exception  # type: ignore
    ^^^^^^^^^^^^^^^^^^^^^^^^^^^^^^^
  File "C:\Users\21652\patient-risk-analyzer\venv\Lib\site-packages\flask\ctx.py", line 351, in match_request
    result = self.url_adapter.match(return_rule=True)  # type: ignore
             ^^^^^^^^^^^^^^^^^^^^^^^^^^^^^^^^^^^^^^^^
  File "C:\Users\21652\patient-risk-analyzer\venv\Lib\site-packages\werkzeug\routing\map.py", line 629, in match
    raise NotFound() from None
werkzeug.exceptions.NotFound: 404 Not Found: The requested URL was not found on the server. If you entered the URL manually please check your spelling and try again.

2025-04-07 15:07:42,540 - werkzeug - INFO - 127.0.0.1 - - [07/Apr/2025 15:07:42] "[35m[1mGET /api/monitoring/performance?timeframe=7days HTTP/1.1[0m" 500 -
2025-04-07 15:07:42,607 - __main__ - ERROR - An error occurred: 404 Not Found: The requested URL was not found on the server. If you entered the URL manually please check your spelling and try again.
2025-04-07 15:07:42,614 - __main__ - ERROR - Traceback (most recent call last):
  File "C:\Users\21652\patient-risk-analyzer\venv\Lib\site-packages\flask\app.py", line 1823, in full_dispatch_request
    rv = self.dispatch_request()
         ^^^^^^^^^^^^^^^^^^^^^^^
  File "C:\Users\21652\patient-risk-analyzer\venv\Lib\site-packages\flask\app.py", line 1788, in dispatch_request
    self.raise_routing_exception(req)
  File "C:\Users\21652\patient-risk-analyzer\venv\Lib\site-packages\flask\app.py", line 1770, in raise_routing_exception
    raise request.routing_exception  # type: ignore
    ^^^^^^^^^^^^^^^^^^^^^^^^^^^^^^^
  File "C:\Users\21652\patient-risk-analyzer\venv\Lib\site-packages\flask\ctx.py", line 351, in match_request
    result = self.url_adapter.match(return_rule=True)  # type: ignore
             ^^^^^^^^^^^^^^^^^^^^^^^^^^^^^^^^^^^^^^^^
  File "C:\Users\21652\patient-risk-analyzer\venv\Lib\site-packages\werkzeug\routing\map.py", line 629, in match
    raise NotFound() from None
werkzeug.exceptions.NotFound: 404 Not Found: The requested URL was not found on the server. If you entered the URL manually please check your spelling and try again.

2025-04-07 15:07:42,619 - __main__ - ERROR - An error occurred: 404 Not Found: The requested URL was not found on the server. If you entered the URL manually please check your spelling and try again.
2025-04-07 15:07:42,634 - werkzeug - INFO - 127.0.0.1 - - [07/Apr/2025 15:07:42] "[35m[1mGET /api/monitoring/drift?timeframe=7days HTTP/1.1[0m" 500 -
2025-04-07 15:07:42,642 - __main__ - ERROR - An error occurred: 404 Not Found: The requested URL was not found on the server. If you entered the URL manually please check your spelling and try again.
2025-04-07 15:07:42,645 - __main__ - ERROR - Traceback (most recent call last):
  File "C:\Users\21652\patient-risk-analyzer\venv\Lib\site-packages\flask\app.py", line 1823, in full_dispatch_request
    rv = self.dispatch_request()
         ^^^^^^^^^^^^^^^^^^^^^^^
  File "C:\Users\21652\patient-risk-analyzer\venv\Lib\site-packages\flask\app.py", line 1788, in dispatch_request
    self.raise_routing_exception(req)
  File "C:\Users\21652\patient-risk-analyzer\venv\Lib\site-packages\flask\app.py", line 1770, in raise_routing_exception
    raise request.routing_exception  # type: ignore
    ^^^^^^^^^^^^^^^^^^^^^^^^^^^^^^^
  File "C:\Users\21652\patient-risk-analyzer\venv\Lib\site-packages\flask\ctx.py", line 351, in match_request
    result = self.url_adapter.match(return_rule=True)  # type: ignore
             ^^^^^^^^^^^^^^^^^^^^^^^^^^^^^^^^^^^^^^^^
  File "C:\Users\21652\patient-risk-analyzer\venv\Lib\site-packages\werkzeug\routing\map.py", line 629, in match
    raise NotFound() from None
werkzeug.exceptions.NotFound: 404 Not Found: The requested URL was not found on the server. If you entered the URL manually please check your spelling and try again.

2025-04-07 15:07:42,663 - werkzeug - INFO - 127.0.0.1 - - [07/Apr/2025 15:07:42] "[35m[1mGET /api/monitoring/prediction-by-time?timeframe=7days HTTP/1.1[0m" 500 -
2025-04-07 15:07:42,667 - __main__ - ERROR - Traceback (most recent call last):
  File "C:\Users\21652\patient-risk-analyzer\venv\Lib\site-packages\flask\app.py", line 1823, in full_dispatch_request
    rv = self.dispatch_request()
         ^^^^^^^^^^^^^^^^^^^^^^^
  File "C:\Users\21652\patient-risk-analyzer\venv\Lib\site-packages\flask\app.py", line 1788, in dispatch_request
    self.raise_routing_exception(req)
  File "C:\Users\21652\patient-risk-analyzer\venv\Lib\site-packages\flask\app.py", line 1770, in raise_routing_exception
    raise request.routing_exception  # type: ignore
    ^^^^^^^^^^^^^^^^^^^^^^^^^^^^^^^
  File "C:\Users\21652\patient-risk-analyzer\venv\Lib\site-packages\flask\ctx.py", line 351, in match_request
    result = self.url_adapter.match(return_rule=True)  # type: ignore
             ^^^^^^^^^^^^^^^^^^^^^^^^^^^^^^^^^^^^^^^^
  File "C:\Users\21652\patient-risk-analyzer\venv\Lib\site-packages\werkzeug\routing\map.py", line 629, in match
    raise NotFound() from None
werkzeug.exceptions.NotFound: 404 Not Found: The requested URL was not found on the server. If you entered the URL manually please check your spelling and try again.

2025-04-07 15:07:42,755 - werkzeug - INFO - 127.0.0.1 - - [07/Apr/2025 15:07:42] "[35m[1mGET /api/monitoring/los-distribution?timeframe=7days HTTP/1.1[0m" 500 -
2025-04-07 15:09:03,664 - __main__ - INFO - Connecting to MongoDB at mongodb://localhost:27017/medical_data
2025-04-07 15:09:03,664 - __main__ - INFO - Using database: medical_data
2025-04-07 15:09:03,672 - __main__ - INFO - MongoDB connection initialized successfully
2025-04-07 15:09:03,676 - __main__ - INFO - Starting Flask server...
2025-04-07 15:09:03,715 - werkzeug - INFO - [31m[1mWARNING: This is a development server. Do not use it in a production deployment. Use a production WSGI server instead.[0m
 * Running on http://127.0.0.1:5000
2025-04-07 15:09:03,715 - werkzeug - INFO - [33mPress CTRL+C to quit[0m
2025-04-07 15:09:14,863 - werkzeug - INFO - 127.0.0.1 - - [07/Apr/2025 15:09:14] "OPTIONS /api/data/overview HTTP/1.1" 200 -
2025-04-07 15:09:15,488 - werkzeug - INFO - 127.0.0.1 - - [07/Apr/2025 15:09:15] "OPTIONS /api/data/overview HTTP/1.1" 200 -
2025-04-07 15:09:16,301 - werkzeug - INFO - 127.0.0.1 - - [07/Apr/2025 15:09:16] "OPTIONS /api/data/overview HTTP/1.1" 200 -
2025-04-07 15:09:17,084 - werkzeug - INFO - 127.0.0.1 - - [07/Apr/2025 15:09:17] "OPTIONS /api/data/overview HTTP/1.1" 200 -
2025-04-07 15:09:24,206 - werkzeug - INFO - 127.0.0.1 - - [07/Apr/2025 15:09:24] "OPTIONS /api/data/overview HTTP/1.1" 200 -
2025-04-07 15:09:27,396 - werkzeug - INFO - 127.0.0.1 - - [07/Apr/2025 15:09:27] "OPTIONS /api/data/overview HTTP/1.1" 200 -
2025-04-07 15:09:59,753 - werkzeug - INFO - 127.0.0.1 - - [07/Apr/2025 15:09:59] "OPTIONS /api/data/overview HTTP/1.1" 200 -
2025-04-07 15:10:47,549 - werkzeug - INFO - 127.0.0.1 - - [07/Apr/2025 15:10:47] "OPTIONS /api/data/overview HTTP/1.1" 200 -
2025-04-07 15:11:48,817 - __main__ - INFO - Connecting to MongoDB at mongodb://localhost:27017/medical_data
2025-04-07 15:11:48,817 - __main__ - INFO - Using database: medical_data
2025-04-07 15:11:48,824 - __main__ - INFO - MongoDB connection initialized successfully
2025-04-07 15:11:48,827 - __main__ - INFO - Starting Flask server...
2025-04-07 15:11:48,849 - werkzeug - INFO - [31m[1mWARNING: This is a development server. Do not use it in a production deployment. Use a production WSGI server instead.[0m
 * Running on http://127.0.0.1:5000
2025-04-07 15:11:48,849 - werkzeug - INFO - [33mPress CTRL+C to quit[0m
2025-04-07 15:12:24,255 - werkzeug - INFO - 127.0.0.1 - - [07/Apr/2025 15:12:24] "OPTIONS /api/data/overview HTTP/1.1" 200 -
2025-04-07 15:12:25,521 - werkzeug - INFO - 127.0.0.1 - - [07/Apr/2025 15:12:25] "OPTIONS /api/data/overview HTTP/1.1" 200 -
2025-04-07 15:12:26,743 - werkzeug - INFO - 127.0.0.1 - - [07/Apr/2025 15:12:26] "OPTIONS /api/data/overview HTTP/1.1" 200 -
2025-04-07 15:12:27,317 - werkzeug - INFO - 127.0.0.1 - - [07/Apr/2025 15:12:27] "OPTIONS /api/data/overview HTTP/1.1" 200 -
2025-04-07 15:13:32,915 - werkzeug - INFO - 127.0.0.1 - - [07/Apr/2025 15:13:32] "OPTIONS /api/data/overview HTTP/1.1" 200 -
2025-04-07 15:13:33,606 - werkzeug - INFO - 127.0.0.1 - - [07/Apr/2025 15:13:33] "OPTIONS /api/data/overview HTTP/1.1" 200 -
2025-04-07 15:13:34,222 - werkzeug - INFO - 127.0.0.1 - - [07/Apr/2025 15:13:34] "OPTIONS /api/data/overview HTTP/1.1" 200 -
2025-04-07 15:13:34,768 - werkzeug - INFO - 127.0.0.1 - - [07/Apr/2025 15:13:34] "OPTIONS /api/data/overview HTTP/1.1" 200 -
2025-04-07 15:14:11,740 - werkzeug - INFO - 127.0.0.1 - - [07/Apr/2025 15:14:11] "OPTIONS /api/data/overview HTTP/1.1" 200 -
2025-04-07 15:14:41,403 - werkzeug - INFO - 127.0.0.1 - - [07/Apr/2025 15:14:41] "OPTIONS /api/data/overview HTTP/1.1" 200 -
2025-04-07 15:15:09,206 - werkzeug - INFO - 127.0.0.1 - - [07/Apr/2025 15:15:09] "OPTIONS /api/data/overview HTTP/1.1" 200 -
2025-04-08 08:51:20,602 - werkzeug - INFO - 127.0.0.1 - - [08/Apr/2025 08:51:20] "OPTIONS /api/data/overview HTTP/1.1" 200 -
2025-04-08 08:51:22,134 - werkzeug - INFO - 127.0.0.1 - - [08/Apr/2025 08:51:22] "OPTIONS /api/data/overview HTTP/1.1" 200 -
2025-04-08 08:51:22,935 - werkzeug - INFO - 127.0.0.1 - - [08/Apr/2025 08:51:22] "OPTIONS /api/data/overview HTTP/1.1" 200 -
2025-04-08 08:52:41,238 - werkzeug - INFO - 127.0.0.1 - - [08/Apr/2025 08:52:41] "OPTIONS /api/data/overview HTTP/1.1" 200 -
2025-04-08 08:52:42,929 - werkzeug - INFO - 127.0.0.1 - - [08/Apr/2025 08:52:42] "OPTIONS /api/data/overview HTTP/1.1" 200 -
2025-04-08 08:52:43,793 - werkzeug - INFO - 127.0.0.1 - - [08/Apr/2025 08:52:43] "OPTIONS /api/data/overview HTTP/1.1" 200 -
2025-04-08 08:52:44,802 - werkzeug - INFO - 127.0.0.1 - - [08/Apr/2025 08:52:44] "OPTIONS /api/data/overview HTTP/1.1" 200 -
2025-04-08 08:52:45,628 - werkzeug - INFO - 127.0.0.1 - - [08/Apr/2025 08:52:45] "OPTIONS /api/data/overview HTTP/1.1" 200 -
2025-04-08 08:52:46,482 - werkzeug - INFO - 127.0.0.1 - - [08/Apr/2025 08:52:46] "OPTIONS /api/data/overview HTTP/1.1" 200 -
2025-04-08 08:52:47,373 - werkzeug - INFO - 127.0.0.1 - - [08/Apr/2025 08:52:47] "OPTIONS /api/data/overview HTTP/1.1" 200 -
2025-04-08 08:52:48,340 - werkzeug - INFO - 127.0.0.1 - - [08/Apr/2025 08:52:48] "OPTIONS /api/data/overview HTTP/1.1" 200 -
2025-04-08 08:52:50,910 - werkzeug - INFO - 127.0.0.1 - - [08/Apr/2025 08:52:50] "GET /api/data/models HTTP/1.1" 200 -
2025-04-08 08:52:57,121 - __main__ - ERROR - An error occurred: 404 Not Found: The requested URL was not found on the server. If you entered the URL manually please check your spelling and try again.
2025-04-08 08:52:57,182 - __main__ - ERROR - Traceback (most recent call last):
  File "C:\Users\21652\patient-risk-analyzer\venv\Lib\site-packages\flask\app.py", line 1823, in full_dispatch_request
    rv = self.dispatch_request()
         ^^^^^^^^^^^^^^^^^^^^^^^
  File "C:\Users\21652\patient-risk-analyzer\venv\Lib\site-packages\flask\app.py", line 1788, in dispatch_request
    self.raise_routing_exception(req)
  File "C:\Users\21652\patient-risk-analyzer\venv\Lib\site-packages\flask\app.py", line 1770, in raise_routing_exception
    raise request.routing_exception  # type: ignore
    ^^^^^^^^^^^^^^^^^^^^^^^^^^^^^^^
  File "C:\Users\21652\patient-risk-analyzer\venv\Lib\site-packages\flask\ctx.py", line 351, in match_request
    result = self.url_adapter.match(return_rule=True)  # type: ignore
             ^^^^^^^^^^^^^^^^^^^^^^^^^^^^^^^^^^^^^^^^
  File "C:\Users\21652\patient-risk-analyzer\venv\Lib\site-packages\werkzeug\routing\map.py", line 629, in match
    raise NotFound() from None
werkzeug.exceptions.NotFound: 404 Not Found: The requested URL was not found on the server. If you entered the URL manually please check your spelling and try again.

2025-04-08 08:52:57,183 - werkzeug - INFO - 127.0.0.1 - - [08/Apr/2025 08:52:57] "[35m[1mOPTIONS /api/train HTTP/1.1[0m" 500 -
2025-04-08 08:54:19,878 - __main__ - INFO - Connecting to MongoDB at mongodb://localhost:27017/medical_data
2025-04-08 08:54:19,878 - __main__ - INFO - Using database: medical_data
2025-04-08 08:54:19,939 - __main__ - INFO - MongoDB connection initialized successfully
2025-04-08 08:54:19,942 - __main__ - INFO - Starting Flask server...
2025-04-08 08:54:19,984 - werkzeug - INFO - [31m[1mWARNING: This is a development server. Do not use it in a production deployment. Use a production WSGI server instead.[0m
 * Running on http://127.0.0.1:5000
2025-04-08 08:54:19,985 - werkzeug - INFO - [33mPress CTRL+C to quit[0m
2025-04-08 08:54:25,193 - werkzeug - INFO - 127.0.0.1 - - [08/Apr/2025 08:54:25] "OPTIONS /api/data/overview HTTP/1.1" 200 -
2025-04-08 08:54:27,069 - werkzeug - INFO - 127.0.0.1 - - [08/Apr/2025 08:54:27] "OPTIONS /api/data/overview HTTP/1.1" 200 -
2025-04-08 08:54:28,103 - werkzeug - INFO - 127.0.0.1 - - [08/Apr/2025 08:54:28] "OPTIONS /api/data/overview HTTP/1.1" 200 -
2025-04-08 08:54:32,990 - __main__ - ERROR - An error occurred: 404 Not Found: The requested URL was not found on the server. If you entered the URL manually please check your spelling and try again.
2025-04-08 08:54:32,995 - __main__ - ERROR - Traceback (most recent call last):
  File "C:\Users\21652\patient-risk-analyzer\venv\Lib\site-packages\flask\app.py", line 1823, in full_dispatch_request
    rv = self.dispatch_request()
         ^^^^^^^^^^^^^^^^^^^^^^^
  File "C:\Users\21652\patient-risk-analyzer\venv\Lib\site-packages\flask\app.py", line 1788, in dispatch_request
    self.raise_routing_exception(req)
  File "C:\Users\21652\patient-risk-analyzer\venv\Lib\site-packages\flask\app.py", line 1770, in raise_routing_exception
    raise request.routing_exception  # type: ignore
    ^^^^^^^^^^^^^^^^^^^^^^^^^^^^^^^
  File "C:\Users\21652\patient-risk-analyzer\venv\Lib\site-packages\flask\ctx.py", line 351, in match_request
    result = self.url_adapter.match(return_rule=True)  # type: ignore
             ^^^^^^^^^^^^^^^^^^^^^^^^^^^^^^^^^^^^^^^^
  File "C:\Users\21652\patient-risk-analyzer\venv\Lib\site-packages\werkzeug\routing\map.py", line 629, in match
    raise NotFound() from None
werkzeug.exceptions.NotFound: 404 Not Found: The requested URL was not found on the server. If you entered the URL manually please check your spelling and try again.

2025-04-08 08:54:32,999 - werkzeug - INFO - 127.0.0.1 - - [08/Apr/2025 08:54:32] "[35m[1mOPTIONS /api/models/train HTTP/1.1[0m" 500 -
2025-04-08 08:54:33,919 - __main__ - ERROR - An error occurred: 404 Not Found: The requested URL was not found on the server. If you entered the URL manually please check your spelling and try again.
2025-04-08 08:54:33,922 - __main__ - ERROR - Traceback (most recent call last):
  File "C:\Users\21652\patient-risk-analyzer\venv\Lib\site-packages\flask\app.py", line 1823, in full_dispatch_request
    rv = self.dispatch_request()
         ^^^^^^^^^^^^^^^^^^^^^^^
  File "C:\Users\21652\patient-risk-analyzer\venv\Lib\site-packages\flask\app.py", line 1788, in dispatch_request
    self.raise_routing_exception(req)
  File "C:\Users\21652\patient-risk-analyzer\venv\Lib\site-packages\flask\app.py", line 1770, in raise_routing_exception
    raise request.routing_exception  # type: ignore
    ^^^^^^^^^^^^^^^^^^^^^^^^^^^^^^^
  File "C:\Users\21652\patient-risk-analyzer\venv\Lib\site-packages\flask\ctx.py", line 351, in match_request
    result = self.url_adapter.match(return_rule=True)  # type: ignore
             ^^^^^^^^^^^^^^^^^^^^^^^^^^^^^^^^^^^^^^^^
  File "C:\Users\21652\patient-risk-analyzer\venv\Lib\site-packages\werkzeug\routing\map.py", line 629, in match
    raise NotFound() from None
werkzeug.exceptions.NotFound: 404 Not Found: The requested URL was not found on the server. If you entered the URL manually please check your spelling and try again.

2025-04-08 08:54:33,925 - werkzeug - INFO - 127.0.0.1 - - [08/Apr/2025 08:54:33] "[35m[1mOPTIONS /api/models/train HTTP/1.1[0m" 500 -
